;Year;Political_Stability;Granularity;
Afghanistan;2000;-2.44;Total;
Afghanistan;2002;-2.04;Total;
Afghanistan;2003;-2.2;Total;
Afghanistan;2004;-2.3;Total;
Afghanistan;2005;-2.07;Total;
Afghanistan;2006;-2.22;Total;
Afghanistan;2007;-2.41;Total;
Afghanistan;2008;-2.69;Total;
Afghanistan;2009;-2.71;Total;
Afghanistan;2010;-2.58;Total;
Afghanistan;2011;-2.5;Total;
Afghanistan;2012;-2.42;Total;
Afghanistan;2013;-2.52;Total;
Afghanistan;2014;-2.41;Total;
Afghanistan;2015;-2.57;Total;
Afghanistan;2016;-2.67;Total;
Afghanistan;2017;-2.8;Total;
Afghanistan;2018;-2.75;Total;
Albanie;2000;-0.54;Total;
Albanie;2002;-0.29;Total;
Albanie;2003;-0.31;Total;
Albanie;2004;-0.43;Total;
Albanie;2005;-0.51;Total;
Albanie;2006;-0.51;Total;
Albanie;2007;-0.2;Total;
Albanie;2008;-0.03;Total;
Albanie;2009;-0.05;Total;
Albanie;2010;-0.19;Total;
Albanie;2011;-0.28;Total;
Albanie;2012;-0.14;Total;
Albanie;2013;0.09;Total;
Albanie;2014;0.49;Total;
Albanie;2015;0.35;Total;
Albanie;2016;0.34;Total;
Albanie;2017;0.38;Total;
Albanie;2018;0.38;Total;
Algérie;2000;-1.43;Total;
Algérie;2002;-1.63;Total;
Algérie;2003;-1.75;Total;
Algérie;2004;-1.36;Total;
Algérie;2005;-0.92;Total;
Algérie;2006;-1.13;Total;
Algérie;2007;-1.15;Total;
Algérie;2008;-1.09;Total;
Algérie;2009;-1.2;Total;
Algérie;2010;-1.26;Total;
Algérie;2011;-1.36;Total;
Algérie;2012;-1.33;Total;
Algérie;2013;-1.2;Total;
Algérie;2014;-1.19;Total;
Algérie;2015;-1.09;Total;
Algérie;2016;-1.1;Total;
Algérie;2017;-0.92;Total;
Algérie;2018;-0.79;Total;
Samoa américaines;2004;0.74;Total;
Samoa américaines;2005;0.75;Total;
Samoa américaines;2006;0.7;Total;
Samoa américaines;2007;0.97;Total;
Samoa américaines;2008;0.98;Total;
Samoa américaines;2009;0.95;Total;
Samoa américaines;2010;0.92;Total;
Samoa américaines;2011;0.93;Total;
Samoa américaines;2012;0.95;Total;
Samoa américaines;2013;0.93;Total;
Samoa américaines;2014;01.08;Total;
Samoa américaines;2015;1.18;Total;
Samoa américaines;2016;1.19;Total;
Samoa américaines;2017;1.22;Total;
Samoa américaines;2018;1.21;Total;
Andorre;2000;1.17;Total;
Andorre;2002;1.28;Total;
Andorre;2003;1.46;Total;
Andorre;2004;1.4;Total;
Andorre;2005;1.38;Total;
Andorre;2006;1.35;Total;
Andorre;2007;1.34;Total;
Andorre;2008;1.34;Total;
Andorre;2009;1.3;Total;
Andorre;2010;1.28;Total;
Andorre;2011;1.3;Total;
Andorre;2012;1.29;Total;
Andorre;2013;1.28;Total;
Andorre;2014;1.29;Total;
Andorre;2015;1.39;Total;
Andorre;2016;1.41;Total;
Andorre;2017;1.42;Total;
Andorre;2018;1.43;Total;
Angola;2000;-2.04;Total;
Angola;2002;-1.58;Total;
Angola;2003;-1.01;Total;
Angola;2004;-1.06;Total;
Angola;2005;-0.89;Total;
Angola;2006;-0.54;Total;
Angola;2007;-0.67;Total;
Angola;2008;-0.36;Total;
Angola;2009;-0.35;Total;
Angola;2010;-0.23;Total;
Angola;2011;-0.37;Total;
Angola;2012;-0.39;Total;
Angola;2013;-0.39;Total;
Angola;2014;-0.33;Total;
Angola;2015;-0.5;Total;
Angola;2016;-0.32;Total;
Angola;2017;-0.33;Total;
Angola;2018;-0.32;Total;
Antigua-et-Barbuda;2000;0.71;Total;
Antigua-et-Barbuda;2002;0.79;Total;
Antigua-et-Barbuda;2003;0.87;Total;
Antigua-et-Barbuda;2004;01.09;Total;
Antigua-et-Barbuda;2005;0.83;Total;
Antigua-et-Barbuda;2006;0.8;Total;
Antigua-et-Barbuda;2007;0.8;Total;
Antigua-et-Barbuda;2008;0.81;Total;
Antigua-et-Barbuda;2009;0.72;Total;
Antigua-et-Barbuda;2010;0.9;Total;
Antigua-et-Barbuda;2011;0.96;Total;
Antigua-et-Barbuda;2012;0.98;Total;
Antigua-et-Barbuda;2013;0.96;Total;
Antigua-et-Barbuda;2014;0.98;Total;
Antigua-et-Barbuda;2015;1;Total;
Antigua-et-Barbuda;2016;0.88;Total;
Antigua-et-Barbuda;2017;0.75;Total;
Antigua-et-Barbuda;2018;0.73;Total;
Argentine;2000;0.1;Total;
Argentine;2002;-0.78;Total;
Argentine;2003;-0.36;Total;
Argentine;2004;-0.61;Total;
Argentine;2005;-0.04;Total;
Argentine;2006;0;Total;
Argentine;2007;0.1;Total;
Argentine;2008;-0.09;Total;
Argentine;2009;-0.23;Total;
Argentine;2010;-0.08;Total;
Argentine;2011;0.16;Total;
Argentine;2012;0.1;Total;
Argentine;2013;0.07;Total;
Argentine;2014;-0.01;Total;
Argentine;2015;0.01;Total;
Argentine;2016;0.2;Total;
Argentine;2017;0.17;Total;
Argentine;2018;0.02;Total;
Arménie;2000;-0.68;Total;
Arménie;2002;-0.26;Total;
Arménie;2003;0.24;Total;
Arménie;2004;-0.12;Total;
Arménie;2005;-0.07;Total;
Arménie;2006;-0.26;Total;
Arménie;2007;0.15;Total;
Arménie;2008;-0.01;Total;
Arménie;2009;0.23;Total;
Arménie;2010;0.07;Total;
Arménie;2011;-0.06;Total;
Arménie;2012;0.15;Total;
Arménie;2013;0.11;Total;
Arménie;2014;-0.3;Total;
Arménie;2015;-0.25;Total;
Arménie;2016;-0.66;Total;
Arménie;2017;-0.62;Total;
Arménie;2018;-0.42;Total;
Australie;2000;1.33;Total;
Australie;2002;1.19;Total;
Australie;2003;0.88;Total;
Australie;2004;0.94;Total;
Australie;2005;0.89;Total;
Australie;2006;0.94;Total;
Australie;2007;0.93;Total;
Australie;2008;0.96;Total;
Australie;2009;0.86;Total;
Australie;2010;0.89;Total;
Australie;2011;0.94;Total;
Australie;2012;1;Total;
Australie;2013;01.03;Total;
Australie;2014;01.03;Total;
Australie;2015;0.88;Total;
Australie;2016;01.05;Total;
Australie;2017;0.89;Total;
Australie;2018;0.98;Total;
Autriche;2000;0.82;Total;
Autriche;2002;1.36;Total;
Autriche;2003;0.96;Total;
Autriche;2004;01.09;Total;
Autriche;2005;1.11;Total;
Autriche;2006;01.08;Total;
Autriche;2007;1.28;Total;
Autriche;2008;1.34;Total;
Autriche;2009;1.19;Total;
Autriche;2010;1.15;Total;
Autriche;2011;1.19;Total;
Autriche;2012;1.34;Total;
Autriche;2013;1.36;Total;
Autriche;2014;1.27;Total;
Autriche;2015;1.14;Total;
Autriche;2016;0.91;Total;
Autriche;2017;01.05;Total;
Autriche;2018;0.92;Total;
Azerbaïdjan;2000;-0.83;Total;
Azerbaïdjan;2002;-1.19;Total;
Azerbaïdjan;2003;-0.95;Total;
Azerbaïdjan;2004;-1.06;Total;
Azerbaïdjan;2005;-1.13;Total;
Azerbaïdjan;2006;-1.09;Total;
Azerbaïdjan;2007;-0.63;Total;
Azerbaïdjan;2008;-0.33;Total;
Azerbaïdjan;2009;-0.28;Total;
Azerbaïdjan;2010;-0.24;Total;
Azerbaïdjan;2011;-0.53;Total;
Azerbaïdjan;2012;-0.72;Total;
Azerbaïdjan;2013;-0.41;Total;
Azerbaïdjan;2014;-0.56;Total;
Azerbaïdjan;2015;-0.73;Total;
Azerbaïdjan;2016;-0.8;Total;
Azerbaïdjan;2017;-0.75;Total;
Azerbaïdjan;2018;-0.7;Total;
Bahamas;2000;1.28;Total;
Bahamas;2002;0.96;Total;
Bahamas;2003;0.83;Total;
Bahamas;2004;0.89;Total;
Bahamas;2005;0.94;Total;
Bahamas;2006;0.81;Total;
Bahamas;2007;0.73;Total;
Bahamas;2008;0.77;Total;
Bahamas;2009;0.86;Total;
Bahamas;2010;0.99;Total;
Bahamas;2011;1.1;Total;
Bahamas;2012;1.18;Total;
Bahamas;2013;1.13;Total;
Bahamas;2014;0.96;Total;
Bahamas;2015;0.91;Total;
Bahamas;2016;0.98;Total;
Bahamas;2017;0.99;Total;
Bahamas;2018;0.87;Total;
Bahreïn;2000;0.06;Total;
Bahreïn;2002;0.28;Total;
Bahreïn;2003;0.48;Total;
Bahreïn;2004;0.31;Total;
Bahreïn;2005;0.01;Total;
Bahreïn;2006;-0.37;Total;
Bahreïn;2007;-0.25;Total;
Bahreïn;2008;-0.24;Total;
Bahreïn;2009;-0.14;Total;
Bahreïn;2010;-0.49;Total;
Bahreïn;2011;-0.95;Total;
Bahreïn;2012;-1.13;Total;
Bahreïn;2013;-1.34;Total;
Bahreïn;2014;-0.91;Total;
Bahreïn;2015;-1.07;Total;
Bahreïn;2016;-0.79;Total;
Bahreïn;2017;-0.96;Total;
Bahreïn;2018;-0.84;Total;
Bangladesh;2000;-0.72;Total;
Bangladesh;2002;-1.03;Total;
Bangladesh;2003;-1.12;Total;
Bangladesh;2004;-1.36;Total;
Bangladesh;2005;-1.86;Total;
Bangladesh;2006;-1.51;Total;
Bangladesh;2007;-1.54;Total;
Bangladesh;2008;-1.51;Total;
Bangladesh;2009;-1.54;Total;
Bangladesh;2010;-1.43;Total;
Bangladesh;2011;-1.4;Total;
Bangladesh;2012;-1.38;Total;
Bangladesh;2013;-1.63;Total;
Bangladesh;2014;-0.9;Total;
Bangladesh;2015;-1.21;Total;
Bangladesh;2016;-1.26;Total;
Bangladesh;2017;-1.26;Total;
Bangladesh;2018;-1.03;Total;
Barbade;2000;1.15;Total;
Barbade;2002;1.1;Total;
Barbade;2003;0.92;Total;
Barbade;2004;1.1;Total;
Barbade;2005;1.12;Total;
Barbade;2006;0.91;Total;
Barbade;2007;01.04;Total;
Barbade;2008;01.07;Total;
Barbade;2009;01.05;Total;
Barbade;2010;01.06;Total;
Barbade;2011;1.25;Total;
Barbade;2012;1.19;Total;
Barbade;2013;1.27;Total;
Barbade;2014;1.28;Total;
Barbade;2015;1.14;Total;
Barbade;2016;0.98;Total;
Barbade;2017;0.97;Total;
Barbade;2018;0.92;Total;
Biélorussie;2000;0.14;Total;
Biélorussie;2002;0.3;Total;
Biélorussie;2003;0.69;Total;
Biélorussie;2004;0.16;Total;
Biélorussie;2005;0.36;Total;
Biélorussie;2006;0.15;Total;
Biélorussie;2007;0.34;Total;
Biélorussie;2008;0.52;Total;
Biélorussie;2009;0.49;Total;
Biélorussie;2010;-0.09;Total;
Biélorussie;2011;-0.09;Total;
Biélorussie;2012;0.07;Total;
Biélorussie;2013;0.01;Total;
Biélorussie;2014;0.18;Total;
Biélorussie;2015;0.11;Total;
Biélorussie;2016;0.14;Total;
Biélorussie;2017;-0.05;Total;
Biélorussie;2018;0.35;Total;
Belgique;2000;1.13;Total;
Belgique;2002;1.26;Total;
Belgique;2003;0.86;Total;
Belgique;2004;0.71;Total;
Belgique;2005;0.8;Total;
Belgique;2006;0.86;Total;
Belgique;2007;0.76;Total;
Belgique;2008;0.62;Total;
Belgique;2009;0.82;Total;
Belgique;2010;0.81;Total;
Belgique;2011;0.95;Total;
Belgique;2012;0.92;Total;
Belgique;2013;0.94;Total;
Belgique;2014;0.7;Total;
Belgique;2015;0.59;Total;
Belgique;2016;0.44;Total;
Belgique;2017;0.43;Total;
Belgique;2018;0.41;Total;
Belize;2000;0.18;Total;
Belize;2002;0.42;Total;
Belize;2003;0.49;Total;
Belize;2004;0.4;Total;
Belize;2005;0.1;Total;
Belize;2006;0.08;Total;
Belize;2007;0.19;Total;
Belize;2008;0.19;Total;
Belize;2009;0.03;Total;
Belize;2010;0.07;Total;
Belize;2011;0.15;Total;
Belize;2012;0.18;Total;
Belize;2013;0.18;Total;
Belize;2014;0.05;Total;
Belize;2015;0.04;Total;
Belize;2016;0.06;Total;
Belize;2017;0.04;Total;
Belize;2018;0.02;Total;
Bénin;2000;0.8;Total;
Bénin;2002;0.82;Total;
Bénin;2003;0.68;Total;
Bénin;2004;0.27;Total;
Bénin;2005;0.45;Total;
Bénin;2006;0.55;Total;
Bénin;2007;0.39;Total;
Bénin;2008;0.37;Total;
Bénin;2009;0.4;Total;
Bénin;2010;0.26;Total;
Bénin;2011;0.32;Total;
Bénin;2012;0.36;Total;
Bénin;2013;0.3;Total;
Bénin;2014;0.03;Total;
Bénin;2015;-0.01;Total;
Bénin;2016;0;Total;
Bénin;2017;0.03;Total;
Bénin;2018;-0.13;Total;
Bermudes;2000;0.71;Total;
Bermudes;2002;0.79;Total;
Bermudes;2003;0.85;Total;
Bermudes;2004;0.89;Total;
Bermudes;2005;0.82;Total;
Bermudes;2006;0.78;Total;
Bermudes;2007;0.77;Total;
Bermudes;2008;0.8;Total;
Bermudes;2009;0.69;Total;
Bermudes;2010;0.91;Total;
Bermudes;2011;0.96;Total;
Bermudes;2012;0.98;Total;
Bermudes;2013;0.97;Total;
Bermudes;2014;0.91;Total;
Bermudes;2015;0.98;Total;
Bermudes;2016;1;Total;
Bermudes;2017;1;Total;
Bermudes;2018;1.16;Total;
Bhoutan;2000;0.49;Total;
Bhoutan;2002;0.69;Total;
Bhoutan;2003;0.92;Total;
Bhoutan;2004;1.17;Total;
Bhoutan;2005;1.28;Total;
Bhoutan;2006;1.26;Total;
Bhoutan;2007;0.57;Total;
Bhoutan;2008;0.72;Total;
Bhoutan;2009;0.8;Total;
Bhoutan;2010;0.74;Total;
Bhoutan;2011;0.83;Total;
Bhoutan;2012;0.78;Total;
Bhoutan;2013;0.78;Total;
Bhoutan;2014;01.07;Total;
Bhoutan;2015;0.97;Total;
Bhoutan;2016;1.12;Total;
Bhoutan;2017;1.12;Total;
Bhoutan;2018;1.1;Total;
Bosnie-Herzégovine;2000;-0.53;Total;
Bosnie-Herzégovine;2002;-0.16;Total;
Bosnie-Herzégovine;2003;-0.4;Total;
Bosnie-Herzégovine;2004;0.02;Total;
Bosnie-Herzégovine;2005;-0.5;Total;
Bosnie-Herzégovine;2006;-0.44;Total;
Bosnie-Herzégovine;2007;-0.63;Total;
Bosnie-Herzégovine;2008;-0.54;Total;
Bosnie-Herzégovine;2009;-0.67;Total;
Bosnie-Herzégovine;2010;-0.69;Total;
Bosnie-Herzégovine;2011;-0.82;Total;
Bosnie-Herzégovine;2012;-0.54;Total;
Bosnie-Herzégovine;2013;-0.4;Total;
Bosnie-Herzégovine;2014;-0.02;Total;
Bosnie-Herzégovine;2015;-0.4;Total;
Bosnie-Herzégovine;2016;-0.4;Total;
Bosnie-Herzégovine;2017;-0.35;Total;
Bosnie-Herzégovine;2018;-0.39;Total;
Botswana;2000;01.07;Total;
Botswana;2002;0.87;Total;
Botswana;2003;1.11;Total;
Botswana;2004;0.92;Total;
Botswana;2005;01.06;Total;
Botswana;2006;01.02;Total;
Botswana;2007;01.06;Total;
Botswana;2008;01.03;Total;
Botswana;2009;0.95;Total;
Botswana;2010;0.99;Total;
Botswana;2011;01.06;Total;
Botswana;2012;1.1;Total;
Botswana;2013;1.1;Total;
Botswana;2014;01.01;Total;
Botswana;2015;01.04;Total;
Botswana;2016;0.99;Total;
Botswana;2017;01.02;Total;
Botswana;2018;0.98;Total;
Brésil;2000;0.19;Total;
Brésil;2002;0.33;Total;
Brésil;2003;0.01;Total;
Brésil;2004;-0.28;Total;
Brésil;2005;-0.26;Total;
Brésil;2006;-0.29;Total;
Brésil;2007;-0.36;Total;
Brésil;2008;-0.31;Total;
Brésil;2009;0.17;Total;
Brésil;2010;0.01;Total;
Brésil;2011;-0.13;Total;
Brésil;2012;0.05;Total;
Brésil;2013;-0.26;Total;
Brésil;2014;-0.07;Total;
Brésil;2015;-0.33;Total;
Brésil;2016;-0.38;Total;
Brésil;2017;-0.42;Total;
Brésil;2018;-0.36;Total;
Brunei Darussalam;2000;1.3;Total;
Brunei Darussalam;2002;1.16;Total;
Brunei Darussalam;2003;1.15;Total;
Brunei Darussalam;2004;1.37;Total;
Brunei Darussalam;2005;1.21;Total;
Brunei Darussalam;2006;1.12;Total;
Brunei Darussalam;2007;1.11;Total;
Brunei Darussalam;2008;1.13;Total;
Brunei Darussalam;2009;1.39;Total;
Brunei Darussalam;2010;1.28;Total;
Brunei Darussalam;2011;01.09;Total;
Brunei Darussalam;2012;0.91;Total;
Brunei Darussalam;2013;01.07;Total;
Brunei Darussalam;2014;1.26;Total;
Brunei Darussalam;2015;1.24;Total;
Brunei Darussalam;2016;1.15;Total;
Brunei Darussalam;2017;1.16;Total;
Brunei Darussalam;2018;1.2;Total;
Bulgarie;2000;0.38;Total;
Bulgarie;2002;0.47;Total;
Bulgarie;2003;0.17;Total;
Bulgarie;2004;0;Total;
Bulgarie;2005;0.15;Total;
Bulgarie;2006;0.4;Total;
Bulgarie;2007;0.36;Total;
Bulgarie;2008;0.37;Total;
Bulgarie;2009;0.35;Total;
Bulgarie;2010;0.36;Total;
Bulgarie;2011;0.3;Total;
Bulgarie;2012;0.38;Total;
Bulgarie;2013;0.17;Total;
Bulgarie;2014;0.08;Total;
Bulgarie;2015;0.02;Total;
Bulgarie;2016;0.08;Total;
Bulgarie;2017;0.33;Total;
Bulgarie;2018;0.42;Total;
Burkina Faso;2000;0.06;Total;
Burkina Faso;2002;-0.31;Total;
Burkina Faso;2003;0.07;Total;
Burkina Faso;2004;-0.08;Total;
Burkina Faso;2005;-0.06;Total;
Burkina Faso;2006;0.16;Total;
Burkina Faso;2007;0.31;Total;
Burkina Faso;2008;0.12;Total;
Burkina Faso;2009;0.03;Total;
Burkina Faso;2010;-0.12;Total;
Burkina Faso;2011;-0.56;Total;
Burkina Faso;2012;-0.57;Total;
Burkina Faso;2013;-0.76;Total;
Burkina Faso;2014;-0.79;Total;
Burkina Faso;2015;-0.61;Total;
Burkina Faso;2016;-0.87;Total;
Burkina Faso;2017;-0.93;Total;
Burkina Faso;2018;-1.04;Total;
Burundi;2000;-2.02;Total;
Burundi;2002;-2.29;Total;
Burundi;2003;-2.24;Total;
Burundi;2004;-2.52;Total;
Burundi;2005;-1.52;Total;
Burundi;2006;-1.43;Total;
Burundi;2007;-1.38;Total;
Burundi;2008;-1.64;Total;
Burundi;2009;-1.27;Total;
Burundi;2010;-1.63;Total;
Burundi;2011;-1.81;Total;
Burundi;2012;-1.7;Total;
Burundi;2013;-1.35;Total;
Burundi;2014;-0.78;Total;
Burundi;2015;-1.94;Total;
Burundi;2016;-1.97;Total;
Burundi;2017;-2.01;Total;
Burundi;2018;-1.6;Total;
Cambodge;2000;-0.78;Total;
Cambodge;2002;-0.73;Total;
Cambodge;2003;-0.65;Total;
Cambodge;2004;-0.41;Total;
Cambodge;2005;-0.4;Total;
Cambodge;2006;-0.35;Total;
Cambodge;2007;-0.36;Total;
Cambodge;2008;-0.3;Total;
Cambodge;2009;-0.56;Total;
Cambodge;2010;-0.5;Total;
Cambodge;2011;-0.3;Total;
Cambodge;2012;-0.1;Total;
Cambodge;2013;-0.14;Total;
Cambodge;2014;0.02;Total;
Cambodge;2015;0.06;Total;
Cambodge;2016;0.21;Total;
Cambodge;2017;0.09;Total;
Cambodge;2018;0.11;Total;
Cameroun;2000;-0.56;Total;
Cameroun;2002;-0.68;Total;
Cameroun;2003;-0.43;Total;
Cameroun;2004;-0.36;Total;
Cameroun;2005;-0.18;Total;
Cameroun;2006;-0.25;Total;
Cameroun;2007;-0.33;Total;
Cameroun;2008;-0.55;Total;
Cameroun;2009;-0.47;Total;
Cameroun;2010;-0.74;Total;
Cameroun;2011;-0.66;Total;
Cameroun;2012;-0.59;Total;
Cameroun;2013;-0.53;Total;
Cameroun;2014;-1.06;Total;
Cameroun;2015;-0.99;Total;
Cameroun;2016;-1.06;Total;
Cameroun;2017;-1.1;Total;
Cameroun;2018;-1.38;Total;
Canada;2000;1.17;Total;
Canada;2002;1.22;Total;
Canada;2003;01.05;Total;
Canada;2004;0.88;Total;
Canada;2005;0.83;Total;
Canada;2006;01.04;Total;
Canada;2007;01.01;Total;
Canada;2008;01.04;Total;
Canada;2009;1.13;Total;
Canada;2010;0.94;Total;
Canada;2011;01.08;Total;
Canada;2012;1.11;Total;
Canada;2013;01.06;Total;
Canada;2014;1.18;Total;
Canada;2015;1.27;Total;
Canada;2016;1.26;Total;
Canada;2017;1.1;Total;
Canada;2018;0.99;Total;
République centrafricaine;2000;-1.12;Total;
République centrafricaine;2002;-1.73;Total;
République centrafricaine;2003;-1.54;Total;
République centrafricaine;2004;-1.42;Total;
République centrafricaine;2005;-1.43;Total;
République centrafricaine;2006;-1.85;Total;
République centrafricaine;2007;-1.85;Total;
République centrafricaine;2008;-1.84;Total;
République centrafricaine;2009;-1.91;Total;
République centrafricaine;2010;-2.02;Total;
République centrafricaine;2011;-1.79;Total;
République centrafricaine;2012;-1.85;Total;
République centrafricaine;2013;-2.15;Total;
République centrafricaine;2014;-2.7;Total;
République centrafricaine;2015;-1.9;Total;
République centrafricaine;2016;-1.79;Total;
République centrafricaine;2017;-2.01;Total;
République centrafricaine;2018;-2.28;Total;
Tchad;2000;-1.14;Total;
Tchad;2002;-1.56;Total;
Tchad;2003;-1.37;Total;
Tchad;2004;-1.54;Total;
Tchad;2005;-1.44;Total;
Tchad;2006;-1.83;Total;
Tchad;2007;-1.87;Total;
Tchad;2008;-1.97;Total;
Tchad;2009;-1.73;Total;
Tchad;2010;-1.52;Total;
Tchad;2011;-1.32;Total;
Tchad;2012;-1.04;Total;
Tchad;2013;-1.09;Total;
Tchad;2014;-1.57;Total;
Tchad;2015;-0.97;Total;
Tchad;2016;-1.3;Total;
Tchad;2017;-1.29;Total;
Tchad;2018;-1.48;Total;
Chili;2000;0.49;Total;
Chili;2002;01.09;Total;
Chili;2003;0.76;Total;
Chili;2004;0.69;Total;
Chili;2005;0.84;Total;
Chili;2006;0.61;Total;
Chili;2007;0.41;Total;
Chili;2008;0.43;Total;
Chili;2009;0.6;Total;
Chili;2010;0.68;Total;
Chili;2011;0.45;Total;
Chili;2012;0.33;Total;
Chili;2013;0.36;Total;
Chili;2014;0.45;Total;
Chili;2015;0.43;Total;
Chili;2016;0.41;Total;
Chili;2017;0.42;Total;
Chili;2018;0.43;Total;
Chine - RAS de Hong-Kong; Hong Kong SAR;2000;0.93;Total
Chine - RAS de Hong-Kong; Hong Kong SAR;2002;0.91;Total
Chine - RAS de Hong-Kong; Hong Kong SAR;2003;0.95;Total
Chine - RAS de Hong-Kong; Hong Kong SAR;2004;1.15;Total
Chine - RAS de Hong-Kong; Hong Kong SAR;2005;1.34;Total
Chine - RAS de Hong-Kong; Hong Kong SAR;2006;1.19;Total
Chine - RAS de Hong-Kong; Hong Kong SAR;2007;1.1;Total
Chine - RAS de Hong-Kong; Hong Kong SAR;2008;1.13;Total
Chine - RAS de Hong-Kong; Hong Kong SAR;2009;0.97;Total
Chine - RAS de Hong-Kong; Hong Kong SAR;2010;0.94;Total
Chine - RAS de Hong-Kong; Hong Kong SAR;2011;0.95;Total
Chine - RAS de Hong-Kong; Hong Kong SAR;2012;01.01;Total
Chine - RAS de Hong-Kong; Hong Kong SAR;2013;0.92;Total
Chine - RAS de Hong-Kong; Hong Kong SAR;2014;1.15;Total
Chine - RAS de Hong-Kong; Hong Kong SAR;2015;01.05;Total
Chine - RAS de Hong-Kong; Hong Kong SAR;2016;0.75;Total
Chine - RAS de Hong-Kong; Hong Kong SAR;2017;0.83;Total
Chine - RAS de Hong-Kong; Hong Kong SAR;2018;0.79;Total
Chine - RAS de Macao; Macao SAR;2000;0.49;Total
Chine - RAS de Macao; Macao SAR;2002;0.55;Total
Chine - RAS de Macao; Macao SAR;2003;1.12;Total
Chine - RAS de Macao; Macao SAR;2004;1.35;Total
Chine - RAS de Macao; Macao SAR;2005;1.29;Total
Chine - RAS de Macao; Macao SAR;2006;0.97;Total
Chine - RAS de Macao; Macao SAR;2007;0.46;Total
Chine - RAS de Macao; Macao SAR;2008;0.48;Total
Chine - RAS de Macao; Macao SAR;2009;0.61;Total
Chine - RAS de Macao; Macao SAR;2010;0.57;Total
Chine - RAS de Macao; Macao SAR;2011;0.61;Total
Chine - RAS de Macao; Macao SAR;2012;0.63;Total
Chine - RAS de Macao; Macao SAR;2013;0.76;Total
Chine - RAS de Macao; Macao SAR;2014;1.21;Total
Chine - RAS de Macao; Macao SAR;2015;1.2;Total
Chine - RAS de Macao; Macao SAR;2016;1.42;Total
Chine - RAS de Macao; Macao SAR;2017;1.43;Total
Chine - RAS de Macao; Macao SAR;2018;1.26;Total
Chine, continentale; mainland;2000;-0.21;Total
Chine, continentale; mainland;2002;-0.33;Total
Chine, continentale; mainland;2003;-0.56;Total
Chine, continentale; mainland;2004;-0.39;Total
Chine, continentale; mainland;2005;-0.5;Total
Chine, continentale; mainland;2006;-0.54;Total
Chine, continentale; mainland;2007;-0.5;Total
Chine, continentale; mainland;2008;-0.49;Total
Chine, continentale; mainland;2009;-0.45;Total
Chine, continentale; mainland;2010;-0.66;Total
Chine, continentale; mainland;2011;-0.6;Total
Chine, continentale; mainland;2012;-0.54;Total
Chine, continentale; mainland;2013;-0.54;Total
Chine, continentale; mainland;2014;-0.52;Total
Chine, continentale; mainland;2015;-0.55;Total
Chine, continentale; mainland;2016;-0.5;Total
Chine, continentale; mainland;2017;-0.23;Total
Chine, continentale; mainland;2018;-0.26;Total
Chine, Taiwan Province de; Taiwan Province of;2000;0.54;Total
Chine, Taiwan Province de; Taiwan Province of;2002;0.7;Total
Chine, Taiwan Province de; Taiwan Province of;2003;0.64;Total
Chine, Taiwan Province de; Taiwan Province of;2004;0.61;Total
Chine, Taiwan Province de; Taiwan Province of;2005;0.67;Total
Chine, Taiwan Province de; Taiwan Province of;2006;0.68;Total
Chine, Taiwan Province de; Taiwan Province of;2007;0.55;Total
Chine, Taiwan Province de; Taiwan Province of;2008;0.84;Total
Chine, Taiwan Province de; Taiwan Province of;2009;0.57;Total
Chine, Taiwan Province de; Taiwan Province of;2010;0.86;Total
Chine, Taiwan Province de; Taiwan Province of;2011;0.95;Total
Chine, Taiwan Province de; Taiwan Province of;2012;0.89;Total
Chine, Taiwan Province de; Taiwan Province of;2013;0.87;Total
Chine, Taiwan Province de; Taiwan Province of;2014;0.77;Total
Chine, Taiwan Province de; Taiwan Province of;2015;0.92;Total
Chine, Taiwan Province de; Taiwan Province of;2016;0.93;Total
Chine, Taiwan Province de; Taiwan Province of;2017;0.86;Total
Chine, Taiwan Province de; Taiwan Province of;2018;0.85;Total
Colombie;2000;-1.6;Total;
Colombie;2002;-1.95;Total;
Colombie;2003;-2.37;Total;
Colombie;2004;-2.27;Total;
Colombie;2005;-2.06;Total;
Colombie;2006;-1.9;Total;
Colombie;2007;-1.8;Total;
Colombie;2008;-1.85;Total;
Colombie;2009;-1.83;Total;
Colombie;2010;-1.54;Total;
Colombie;2011;-1.28;Total;
Colombie;2012;-1.4;Total;
Colombie;2013;-1.29;Total;
Colombie;2014;-1.11;Total;
Colombie;2015;-1.07;Total;
Colombie;2016;-0.88;Total;
Colombie;2017;-0.77;Total;
Colombie;2018;-0.81;Total;
Comores;2000;0.02;Total;
Comores;2002;0.4;Total;
Comores;2003;-0.67;Total;
Comores;2004;-0.16;Total;
Comores;2005;-0.44;Total;
Comores;2006;-0.36;Total;
Comores;2007;-1.09;Total;
Comores;2008;-1.11;Total;
Comores;2009;-0.77;Total;
Comores;2010;-0.56;Total;
Comores;2011;-0.55;Total;
Comores;2012;-0.45;Total;
Comores;2013;-0.26;Total;
Comores;2014;-0.19;Total;
Comores;2015;-0.23;Total;
Comores;2016;0.04;Total;
Comores;2017;0.04;Total;
Comores;2018;-0.2;Total;
Îles Cook;2009;1.14;Total;
Îles Cook;2010;1.32;Total;
Costa Rica;2000;0.87;Total;
Costa Rica;2002;01.07;Total;
Costa Rica;2003;0.6;Total;
Costa Rica;2004;0.63;Total;
Costa Rica;2005;0.71;Total;
Costa Rica;2006;0.74;Total;
Costa Rica;2007;0.58;Total;
Costa Rica;2008;0.36;Total;
Costa Rica;2009;0.59;Total;
Costa Rica;2010;0.69;Total;
Costa Rica;2011;0.51;Total;
Costa Rica;2012;0.64;Total;
Costa Rica;2013;0.68;Total;
Costa Rica;2014;0.58;Total;
Costa Rica;2015;0.68;Total;
Costa Rica;2016;0.66;Total;
Costa Rica;2017;0.61;Total;
Costa Rica;2018;0.49;Total;
Cuba;2000;0.25;Total;
Cuba;2002;0.26;Total;
Cuba;2003;0.32;Total;
Cuba;2004;0.36;Total;
Cuba;2005;0.42;Total;
Cuba;2006;0.47;Total;
Cuba;2007;0.45;Total;
Cuba;2008;0.52;Total;
Cuba;2009;0.36;Total;
Cuba;2010;0.35;Total;
Cuba;2011;0.28;Total;
Cuba;2012;0.31;Total;
Cuba;2013;0.37;Total;
Cuba;2014;0.54;Total;
Cuba;2015;0.64;Total;
Cuba;2016;0.69;Total;
Cuba;2017;0.65;Total;
Cuba;2018;0.65;Total;
Chypre;2000;0.52;Total;
Chypre;2002;0.19;Total;
Chypre;2003;0.53;Total;
Chypre;2004;0.38;Total;
Chypre;2005;0.52;Total;
Chypre;2006;0.54;Total;
Chypre;2007;0.54;Total;
Chypre;2008;0.64;Total;
Chypre;2009;0.39;Total;
Chypre;2010;0.45;Total;
Chypre;2011;0.61;Total;
Chypre;2012;0.64;Total;
Chypre;2013;0.56;Total;
Chypre;2014;0.55;Total;
Chypre;2015;0.55;Total;
Chypre;2016;0.6;Total;
Chypre;2017;0.54;Total;
Chypre;2018;0.54;Total;
Danemark;2000;1.5;Total;
Danemark;2002;1.53;Total;
Danemark;2003;1.2;Total;
Danemark;2004;01.09;Total;
Danemark;2005;01.07;Total;
Danemark;2006;01.05;Total;
Danemark;2007;1.12;Total;
Danemark;2008;01.07;Total;
Danemark;2009;1;Total;
Danemark;2010;01.04;Total;
Danemark;2011;1.1;Total;
Danemark;2012;0.91;Total;
Danemark;2013;0.96;Total;
Danemark;2014;0.95;Total;
Danemark;2015;0.9;Total;
Danemark;2016;0.87;Total;
Danemark;2017;0.87;Total;
Danemark;2018;0.96;Total;
Djibouti;2000;-0.24;Total;
Djibouti;2002;-0.31;Total;
Djibouti;2003;-0.91;Total;
Djibouti;2004;-0.34;Total;
Djibouti;2005;-0.81;Total;
Djibouti;2006;-0.26;Total;
Djibouti;2007;-0.12;Total;
Djibouti;2008;0.27;Total;
Djibouti;2009;0.49;Total;
Djibouti;2010;0.25;Total;
Djibouti;2011;0.18;Total;
Djibouti;2012;0.16;Total;
Djibouti;2013;-0.1;Total;
Djibouti;2014;-0.77;Total;
Djibouti;2015;-0.44;Total;
Djibouti;2016;-0.63;Total;
Djibouti;2017;-0.74;Total;
Djibouti;2018;-0.13;Total;
Dominique;2000;0.49;Total;
Dominique;2002;0.55;Total;
Dominique;2003;0.67;Total;
Dominique;2004;0.95;Total;
Dominique;2005;0.83;Total;
Dominique;2006;0.91;Total;
Dominique;2007;0.79;Total;
Dominique;2008;0.92;Total;
Dominique;2009;0.67;Total;
Dominique;2010;0.9;Total;
Dominique;2011;1.14;Total;
Dominique;2012;0.98;Total;
Dominique;2013;1.12;Total;
Dominique;2014;01.06;Total;
Dominique;2015;01.08;Total;
Dominique;2016;1;Total;
Dominique;2017;1.2;Total;
Dominique;2018;1.11;Total;
République dominicaine;2000;0.02;Total;
République dominicaine;2002;0.12;Total;
République dominicaine;2003;-0.42;Total;
République dominicaine;2004;-0.34;Total;
République dominicaine;2005;-0.26;Total;
République dominicaine;2006;-0.11;Total;
République dominicaine;2007;-0.08;Total;
République dominicaine;2008;-0.04;Total;
République dominicaine;2009;0;Total;
République dominicaine;2010;-0.04;Total;
République dominicaine;2011;0;Total;
République dominicaine;2012;0.25;Total;
République dominicaine;2013;0.21;Total;
République dominicaine;2014;0.15;Total;
République dominicaine;2015;0.24;Total;
République dominicaine;2016;0.25;Total;
République dominicaine;2017;0.16;Total;
République dominicaine;2018;0.03;Total;
Égypte;2000;0.05;Total;
Égypte;2002;-0.41;Total;
Égypte;2003;-0.64;Total;
Égypte;2004;-0.82;Total;
Égypte;2005;-0.63;Total;
Égypte;2006;-0.84;Total;
Égypte;2007;-0.55;Total;
Égypte;2008;-0.51;Total;
Égypte;2009;-0.61;Total;
Égypte;2010;-0.9;Total;
Égypte;2011;-1.44;Total;
Égypte;2012;-1.44;Total;
Égypte;2013;-1.64;Total;
Égypte;2014;-1.63;Total;
Égypte;2015;-1.5;Total;
Égypte;2016;-1.44;Total;
Égypte;2017;-1.42;Total;
Égypte;2018;-1.16;Total;
El Salvador;2000;0.33;Total;
El Salvador;2002;0.3;Total;
El Salvador;2003;-0.18;Total;
El Salvador;2004;-0.07;Total;
El Salvador;2005;-0.03;Total;
El Salvador;2006;-0.17;Total;
El Salvador;2007;-0.01;Total;
El Salvador;2008;0.04;Total;
El Salvador;2009;-0.01;Total;
El Salvador;2010;0.06;Total;
El Salvador;2011;0.11;Total;
El Salvador;2012;0.23;Total;
El Salvador;2013;-0.03;Total;
El Salvador;2014;-0.02;Total;
El Salvador;2015;-0.02;Total;
El Salvador;2016;-0.1;Total;
El Salvador;2017;-0.26;Total;
El Salvador;2018;-0.33;Total;
Guinée équatoriale;2000;-0.04;Total;
Guinée équatoriale;2002;-0.52;Total;
Guinée équatoriale;2003;0.11;Total;
Guinée équatoriale;2004;-0.06;Total;
Guinée équatoriale;2005;-0.39;Total;
Guinée équatoriale;2006;0.17;Total;
Guinée équatoriale;2007;0.26;Total;
Guinée équatoriale;2008;0.2;Total;
Guinée équatoriale;2009;0.37;Total;
Guinée équatoriale;2010;0.24;Total;
Guinée équatoriale;2011;0.15;Total;
Guinée équatoriale;2012;0.23;Total;
Guinée équatoriale;2013;0.12;Total;
Guinée équatoriale;2014;-0.37;Total;
Guinée équatoriale;2015;-0.21;Total;
Guinée équatoriale;2016;-0.14;Total;
Guinée équatoriale;2017;-0.17;Total;
Guinée équatoriale;2018;-0.05;Total;
Érythrée;2000;-0.77;Total;
Érythrée;2002;-0.27;Total;
Érythrée;2003;-0.72;Total;
Érythrée;2004;-0.64;Total;
Érythrée;2005;-0.8;Total;
Érythrée;2006;-0.9;Total;
Érythrée;2007;-1.05;Total;
Érythrée;2008;-0.71;Total;
Érythrée;2009;-0.68;Total;
Érythrée;2010;-0.88;Total;
Érythrée;2011;-0.77;Total;
Érythrée;2012;-0.7;Total;
Érythrée;2013;-0.77;Total;
Érythrée;2014;-0.81;Total;
Érythrée;2015;-0.88;Total;
Érythrée;2016;-0.66;Total;
Érythrée;2017;-0.73;Total;
Érythrée;2018;-0.61;Total;
Estonie;2000;0.9;Total;
Estonie;2002;0.93;Total;
Estonie;2003;0.9;Total;
Estonie;2004;0.7;Total;
Estonie;2005;0.6;Total;
Estonie;2006;0.74;Total;
Estonie;2007;0.63;Total;
Estonie;2008;0.57;Total;
Estonie;2009;0.57;Total;
Estonie;2010;0.66;Total;
Estonie;2011;0.61;Total;
Estonie;2012;0.64;Total;
Estonie;2013;0.75;Total;
Estonie;2014;0.78;Total;
Estonie;2015;0.62;Total;
Estonie;2016;0.67;Total;
Estonie;2017;0.65;Total;
Estonie;2018;0.6;Total;
Éthiopie;2000;-0.94;Total;
Éthiopie;2002;-1.22;Total;
Éthiopie;2003;-1.41;Total;
Éthiopie;2004;-1.31;Total;
Éthiopie;2005;-1.69;Total;
Éthiopie;2006;-1.74;Total;
Éthiopie;2007;-1.8;Total;
Éthiopie;2008;-1.73;Total;
Éthiopie;2009;-1.64;Total;
Éthiopie;2010;-1.64;Total;
Éthiopie;2011;-1.51;Total;
Éthiopie;2012;-1.56;Total;
Éthiopie;2013;-1.41;Total;
Éthiopie;2014;-1.34;Total;
Éthiopie;2015;-1.5;Total;
Éthiopie;2016;-1.62;Total;
Éthiopie;2017;-1.68;Total;
Éthiopie;2018;-1.34;Total;
Fidji;2000;0.3;Total;
Fidji;2002;0.47;Total;
Fidji;2003;0.45;Total;
Fidji;2004;0.39;Total;
Fidji;2005;0.38;Total;
Fidji;2006;-0.04;Total;
Fidji;2007;0.06;Total;
Fidji;2008;-0.07;Total;
Fidji;2009;-0.27;Total;
Fidji;2010;-0.19;Total;
Fidji;2011;-0.07;Total;
Fidji;2012;-0.07;Total;
Fidji;2013;-0.05;Total;
Fidji;2014;0.55;Total;
Fidji;2015;0.58;Total;
Fidji;2016;0.92;Total;
Fidji;2017;0.64;Total;
Fidji;2018;0.74;Total;
Finlande;2000;1.72;Total;
Finlande;2002;1.76;Total;
Finlande;2003;1.69;Total;
Finlande;2004;1.62;Total;
Finlande;2005;1.6;Total;
Finlande;2006;1.5;Total;
Finlande;2007;1.49;Total;
Finlande;2008;1.45;Total;
Finlande;2009;1.46;Total;
Finlande;2010;1.42;Total;
Finlande;2011;1.39;Total;
Finlande;2012;1.4;Total;
Finlande;2013;1.39;Total;
Finlande;2014;1.28;Total;
Finlande;2015;01.04;Total;
Finlande;2016;1;Total;
Finlande;2017;01.08;Total;
Finlande;2018;0.92;Total;
France;2000;0.79;Total;
France;2002;0.93;Total;
France;2003;0.18;Total;
France;2004;0.35;Total;
France;2005;0.4;Total;
France;2006;0.6;Total;
France;2007;0.56;Total;
France;2008;0.55;Total;
France;2009;0.51;Total;
France;2010;0.68;Total;
France;2011;0.6;Total;
France;2012;0.55;Total;
France;2013;0.45;Total;
France;2014;0.3;Total;
France;2015;0.11;Total;
France;2016;-0.1;Total;
France;2017;0.28;Total;
France;2018;0.11;Total;
Gambie;2000;0.53;Total;
Gambie;2002;0.83;Total;
Gambie;2003;0.32;Total;
Gambie;2004;0.17;Total;
Gambie;2005;0.2;Total;
Gambie;2006;-0.03;Total;
Gambie;2007;0.05;Total;
Gambie;2008;0.07;Total;
Gambie;2009;0.12;Total;
Gambie;2010;0.07;Total;
Gambie;2011;0;Total;
Gambie;2012;0;Total;
Gambie;2013;-0.05;Total;
Gambie;2014;-0.15;Total;
Gambie;2015;0.02;Total;
Gambie;2016;-0.43;Total;
Gambie;2017;-0.08;Total;
Gambie;2018;-0.03;Total;
Géorgie;2000;-0.81;Total;
Géorgie;2002;-1.19;Total;
Géorgie;2003;-1.3;Total;
Géorgie;2004;-0.87;Total;
Géorgie;2005;-0.75;Total;
Géorgie;2006;-0.96;Total;
Géorgie;2007;-0.64;Total;
Géorgie;2008;-0.92;Total;
Géorgie;2009;-0.97;Total;
Géorgie;2010;-0.72;Total;
Géorgie;2011;-0.66;Total;
Géorgie;2012;-0.68;Total;
Géorgie;2013;-0.44;Total;
Géorgie;2014;-0.32;Total;
Géorgie;2015;-0.47;Total;
Géorgie;2016;-0.31;Total;
Géorgie;2017;-0.37;Total;
Géorgie;2018;-0.43;Total;
Allemagne;2000;1.41;Total;
Allemagne;2002;1.1;Total;
Allemagne;2003;0.58;Total;
Allemagne;2004;0.64;Total;
Allemagne;2005;0.89;Total;
Allemagne;2006;01.03;Total;
Allemagne;2007;1;Total;
Allemagne;2008;0.95;Total;
Allemagne;2009;0.86;Total;
Allemagne;2010;0.8;Total;
Allemagne;2011;0.84;Total;
Allemagne;2012;0.78;Total;
Allemagne;2013;0.93;Total;
Allemagne;2014;0.93;Total;
Allemagne;2015;0.7;Total;
Allemagne;2016;0.68;Total;
Allemagne;2017;0.59;Total;
Allemagne;2018;0.6;Total;
Ghana;2000;-0.36;Total;
Ghana;2002;-0.16;Total;
Ghana;2003;0.03;Total;
Ghana;2004;0.04;Total;
Ghana;2005;0.17;Total;
Ghana;2006;0.01;Total;
Ghana;2007;-0.07;Total;
Ghana;2008;-0.03;Total;
Ghana;2009;0.03;Total;
Ghana;2010;0.03;Total;
Ghana;2011;0.17;Total;
Ghana;2012;0.13;Total;
Ghana;2013;0.06;Total;
Ghana;2014;-0.11;Total;
Ghana;2015;-0.03;Total;
Ghana;2016;-0.13;Total;
Ghana;2017;0.09;Total;
Ghana;2018;0.03;Total;
Grèce;2000;0.81;Total;
Grèce;2002;0.88;Total;
Grèce;2003;0.48;Total;
Grèce;2004;0.49;Total;
Grèce;2005;0.51;Total;
Grèce;2006;0.63;Total;
Grèce;2007;0.52;Total;
Grèce;2008;0.27;Total;
Grèce;2009;-0.21;Total;
Grèce;2010;-0.13;Total;
Grèce;2011;-0.1;Total;
Grèce;2012;-0.22;Total;
Grèce;2013;-0.17;Total;
Grèce;2014;-0.14;Total;
Grèce;2015;-0.23;Total;
Grèce;2016;-0.12;Total;
Grèce;2017;-0.07;Total;
Grèce;2018;0.09;Total;
Groenland;2009;1.52;Total;
Groenland;2010;1.65;Total;
Groenland;2011;1.94;Total;
Groenland;2012;1.93;Total;
Groenland;2013;1.93;Total;
Groenland;2014;1.92;Total;
Groenland;2015;1.94;Total;
Groenland;2016;1.97;Total;
Groenland;2017;1.92;Total;
Groenland;2018;1.94;Total;
Grenade;2000;01.02;Total;
Grenade;2002;0.92;Total;
Grenade;2003;0.89;Total;
Grenade;2004;0.88;Total;
Grenade;2005;0.41;Total;
Grenade;2006;0.39;Total;
Grenade;2007;0.38;Total;
Grenade;2008;0.39;Total;
Grenade;2009;0.39;Total;
Grenade;2010;0.52;Total;
Grenade;2011;0.36;Total;
Grenade;2012;0.49;Total;
Grenade;2013;0.43;Total;
Grenade;2014;0.77;Total;
Grenade;2015;0.79;Total;
Grenade;2016;01.02;Total;
Grenade;2017;01.01;Total;
Grenade;2018;1;Total;
Guatemala;2000;-0.77;Total;
Guatemala;2002;-0.84;Total;
Guatemala;2003;-0.78;Total;
Guatemala;2004;-0.81;Total;
Guatemala;2005;-0.84;Total;
Guatemala;2006;-0.74;Total;
Guatemala;2007;-0.75;Total;
Guatemala;2008;-0.71;Total;
Guatemala;2009;-0.93;Total;
Guatemala;2010;-0.85;Total;
Guatemala;2011;-0.74;Total;
Guatemala;2012;-0.63;Total;
Guatemala;2013;-0.67;Total;
Guatemala;2014;-0.66;Total;
Guatemala;2015;-0.66;Total;
Guatemala;2016;-0.54;Total;
Guatemala;2017;-0.65;Total;
Guatemala;2018;-0.54;Total;
Guinée;2000;-1.91;Total;
Guinée;2002;-1.42;Total;
Guinée;2003;-0.79;Total;
Guinée;2004;-1.03;Total;
Guinée;2005;-1.16;Total;
Guinée;2006;-1.91;Total;
Guinée;2007;-2.4;Total;
Guinée;2008;-2.1;Total;
Guinée;2009;-2.12;Total;
Guinée;2010;-1.69;Total;
Guinée;2011;-1.39;Total;
Guinée;2012;-1.29;Total;
Guinée;2013;-1.23;Total;
Guinée;2014;-0.96;Total;
Guinée;2015;-0.39;Total;
Guinée;2016;-0.39;Total;
Guinée;2017;-0.7;Total;
Guinée;2018;-0.88;Total;
Guinée-Bissau;2000;-0.35;Total;
Guinée-Bissau;2002;-0.73;Total;
Guinée-Bissau;2003;-0.49;Total;
Guinée-Bissau;2004;-0.38;Total;
Guinée-Bissau;2005;-0.56;Total;
Guinée-Bissau;2006;-0.5;Total;
Guinée-Bissau;2007;-0.46;Total;
Guinée-Bissau;2008;-0.71;Total;
Guinée-Bissau;2009;-0.67;Total;
Guinée-Bissau;2010;-0.69;Total;
Guinée-Bissau;2011;-0.75;Total;
Guinée-Bissau;2012;-0.97;Total;
Guinée-Bissau;2013;-0.9;Total;
Guinée-Bissau;2014;-0.71;Total;
Guinée-Bissau;2015;-0.52;Total;
Guinée-Bissau;2016;-0.44;Total;
Guinée-Bissau;2017;-0.5;Total;
Guinée-Bissau;2018;-0.67;Total;
Guyana;2000;-0.49;Total;
Guyana;2002;-0.56;Total;
Guyana;2003;-0.44;Total;
Guyana;2004;-0.56;Total;
Guyana;2005;-0.46;Total;
Guyana;2006;-0.73;Total;
Guyana;2007;-0.56;Total;
Guyana;2008;-0.63;Total;
Guyana;2009;-0.63;Total;
Guyana;2010;-0.46;Total;
Guyana;2011;-0.43;Total;
Guyana;2012;-0.5;Total;
Guyana;2013;-0.46;Total;
Guyana;2014;-0.14;Total;
Guyana;2015;-0.14;Total;
Guyana;2016;-0.03;Total;
Guyana;2017;-0.04;Total;
Guyana;2018;-0.18;Total;
Haïti;2000;-0.63;Total;
Haïti;2002;-1.26;Total;
Haïti;2003;-1.32;Total;
Haïti;2004;-1.99;Total;
Haïti;2005;-1.81;Total;
Haïti;2006;-1.39;Total;
Haïti;2007;-1.32;Total;
Haïti;2008;-1.39;Total;
Haïti;2009;-0.96;Total;
Haïti;2010;-0.94;Total;
Haïti;2011;-0.99;Total;
Haïti;2012;-0.79;Total;
Haïti;2013;-0.63;Total;
Haïti;2014;-0.64;Total;
Haïti;2015;-0.67;Total;
Haïti;2016;-0.74;Total;
Haïti;2017;-0.67;Total;
Haïti;2018;-0.63;Total;
Honduras;2000;-0.08;Total;
Honduras;2002;-0.26;Total;
Honduras;2003;-0.38;Total;
Honduras;2004;-0.39;Total;
Honduras;2005;-0.63;Total;
Honduras;2006;-0.67;Total;
Honduras;2007;-0.44;Total;
Honduras;2008;-0.53;Total;
Honduras;2009;-0.31;Total;
Honduras;2010;-0.5;Total;
Honduras;2011;-0.39;Total;
Honduras;2012;-0.35;Total;
Honduras;2013;-0.44;Total;
Honduras;2014;-0.53;Total;
Honduras;2015;-0.47;Total;
Honduras;2016;-0.43;Total;
Honduras;2017;-0.56;Total;
Honduras;2018;-0.55;Total;
Hongrie;2000;0.92;Total;
Hongrie;2002;1.26;Total;
Hongrie;2003;1.13;Total;
Hongrie;2004;0.83;Total;
Hongrie;2005;1;Total;
Hongrie;2006;0.99;Total;
Hongrie;2007;0.75;Total;
Hongrie;2008;0.75;Total;
Hongrie;2009;0.54;Total;
Hongrie;2010;0.69;Total;
Hongrie;2011;0.74;Total;
Hongrie;2012;0.68;Total;
Hongrie;2013;0.8;Total;
Hongrie;2014;0.67;Total;
Hongrie;2015;0.75;Total;
Hongrie;2016;0.65;Total;
Hongrie;2017;0.81;Total;
Hongrie;2018;0.76;Total;
Islande;2000;1.58;Total;
Islande;2002;1.62;Total;
Islande;2003;1.52;Total;
Islande;2004;1.46;Total;
Islande;2005;1.44;Total;
Islande;2006;1.45;Total;
Islande;2007;1.48;Total;
Islande;2008;1.22;Total;
Islande;2009;1.19;Total;
Islande;2010;01.02;Total;
Islande;2011;1.24;Total;
Islande;2012;1.25;Total;
Islande;2013;1.29;Total;
Islande;2014;1.25;Total;
Islande;2015;1.31;Total;
Islande;2016;1.36;Total;
Islande;2017;1.35;Total;
Islande;2018;1.41;Total;
Inde;2000;-1;Total;
Inde;2002;-1.21;Total;
Inde;2003;-1.51;Total;
Inde;2004;-1.28;Total;
Inde;2005;-1.01;Total;
Inde;2006;-1.06;Total;
Inde;2007;-1.15;Total;
Inde;2008;-1.11;Total;
Inde;2009;-1.35;Total;
Inde;2010;-1.28;Total;
Inde;2011;-1.33;Total;
Inde;2012;-1.29;Total;
Inde;2013;-1.23;Total;
Inde;2014;-1;Total;
Inde;2015;-0.95;Total;
Inde;2016;-0.95;Total;
Inde;2017;-0.76;Total;
Inde;2018;-0.96;Total;
Indonésie;2000;-2;Total;
Indonésie;2002;-1.58;Total;
Indonésie;2003;-2.09;Total;
Indonésie;2004;-1.91;Total;
Indonésie;2005;-1.52;Total;
Indonésie;2006;-1.42;Total;
Indonésie;2007;-1.2;Total;
Indonésie;2008;-1.06;Total;
Indonésie;2009;-0.75;Total;
Indonésie;2010;-0.85;Total;
Indonésie;2011;-0.77;Total;
Indonésie;2012;-0.59;Total;
Indonésie;2013;-0.52;Total;
Indonésie;2014;-0.42;Total;
Indonésie;2015;-0.62;Total;
Indonésie;2016;-0.37;Total;
Indonésie;2017;-0.5;Total;
Indonésie;2018;-0.53;Total;
Iraq;2000;-1.74;Total;
Iraq;2002;-1.61;Total;
Iraq;2003;-2.39;Total;
Iraq;2004;-3.18;Total;
Iraq;2005;-2.69;Total;
Iraq;2006;-2.83;Total;
Iraq;2007;-2.77;Total;
Iraq;2008;-2.47;Total;
Iraq;2009;-2.18;Total;
Iraq;2010;-2.24;Total;
Iraq;2011;-1.85;Total;
Iraq;2012;-1.93;Total;
Iraq;2013;-2.01;Total;
Iraq;2014;-2.48;Total;
Iraq;2015;-2.26;Total;
Iraq;2016;-2.31;Total;
Iraq;2017;-2.31;Total;
Iraq;2018;-2.56;Total;
Irlande;2000;1.59;Total;
Irlande;2002;1.51;Total;
Irlande;2003;1.35;Total;
Irlande;2004;1.17;Total;
Irlande;2005;1.3;Total;
Irlande;2006;1.19;Total;
Irlande;2007;1.21;Total;
Irlande;2008;1.19;Total;
Irlande;2009;01.06;Total;
Irlande;2010;01.02;Total;
Irlande;2011;0.95;Total;
Irlande;2012;0.94;Total;
Irlande;2013;0.9;Total;
Irlande;2014;01.05;Total;
Irlande;2015;0.91;Total;
Irlande;2016;0.85;Total;
Irlande;2017;1;Total;
Irlande;2018;01.03;Total;
Israël;2000;-1.04;Total;
Israël;2002;-1.46;Total;
Israël;2003;-1.52;Total;
Israël;2004;-1.32;Total;
Israël;2005;-1.25;Total;
Israël;2006;-1.26;Total;
Israël;2007;-1.25;Total;
Israël;2008;-1.32;Total;
Israël;2009;-1.63;Total;
Israël;2010;-1.34;Total;
Israël;2011;-1.2;Total;
Israël;2012;-1.08;Total;
Israël;2013;-1.1;Total;
Israël;2014;-1.04;Total;
Israël;2015;-1.09;Total;
Israël;2016;-0.79;Total;
Israël;2017;-0.89;Total;
Israël;2018;-0.93;Total;
Italie;2000;0.92;Total;
Italie;2002;0.84;Total;
Italie;2003;0.43;Total;
Italie;2004;0.27;Total;
Italie;2005;0.49;Total;
Italie;2006;0.53;Total;
Italie;2007;0.45;Total;
Italie;2008;0.55;Total;
Italie;2009;0.35;Total;
Italie;2010;0.47;Total;
Italie;2011;0.5;Total;
Italie;2012;0.51;Total;
Italie;2013;0.5;Total;
Italie;2014;0.46;Total;
Italie;2015;0.38;Total;
Italie;2016;0.37;Total;
Italie;2017;0.31;Total;
Italie;2018;0.31;Total;
Jamaïque;2000;0.19;Total;
Jamaïque;2002;-0.21;Total;
Jamaïque;2003;-0.38;Total;
Jamaïque;2004;-0.35;Total;
Jamaïque;2005;-0.3;Total;
Jamaïque;2006;-0.32;Total;
Jamaïque;2007;-0.25;Total;
Jamaïque;2008;-0.31;Total;
Jamaïque;2009;-0.36;Total;
Jamaïque;2010;-0.43;Total;
Jamaïque;2011;-0.06;Total;
Jamaïque;2012;0.12;Total;
Jamaïque;2013;0.18;Total;
Jamaïque;2014;0.02;Total;
Jamaïque;2015;0.1;Total;
Jamaïque;2016;0.31;Total;
Jamaïque;2017;0.31;Total;
Jamaïque;2018;0.49;Total;
Japon;2000;1.2;Total;
Japon;2002;1.18;Total;
Japon;2003;01.03;Total;
Japon;2004;01.03;Total;
Japon;2005;01.04;Total;
Japon;2006;1.14;Total;
Japon;2007;01.01;Total;
Japon;2008;0.89;Total;
Japon;2009;0.98;Total;
Japon;2010;0.88;Total;
Japon;2011;1;Total;
Japon;2012;0.95;Total;
Japon;2013;01.02;Total;
Japon;2014;0.97;Total;
Japon;2015;01.07;Total;
Japon;2016;0.98;Total;
Japon;2017;1.11;Total;
Japon;2018;01.06;Total;
Jordanie;2000;0;Total;
Jordanie;2002;-0.46;Total;
Jordanie;2003;-0.07;Total;
Jordanie;2004;-0.23;Total;
Jordanie;2005;-0.13;Total;
Jordanie;2006;-0.76;Total;
Jordanie;2007;-0.3;Total;
Jordanie;2008;-0.37;Total;
Jordanie;2009;-0.35;Total;
Jordanie;2010;-0.31;Total;
Jordanie;2011;-0.51;Total;
Jordanie;2012;-0.52;Total;
Jordanie;2013;-0.61;Total;
Jordanie;2014;-0.54;Total;
Jordanie;2015;-0.61;Total;
Jordanie;2016;-0.49;Total;
Jordanie;2017;-0.5;Total;
Jordanie;2018;-0.38;Total;
Kazakhstan;2000;0.09;Total;
Kazakhstan;2002;0.36;Total;
Kazakhstan;2003;0.36;Total;
Kazakhstan;2004;0.07;Total;
Kazakhstan;2005;0.19;Total;
Kazakhstan;2006;0.21;Total;
Kazakhstan;2007;0.65;Total;
Kazakhstan;2008;0.62;Total;
Kazakhstan;2009;0.78;Total;
Kazakhstan;2010;0.52;Total;
Kazakhstan;2011;-0.34;Total;
Kazakhstan;2012;-0.41;Total;
Kazakhstan;2013;-0.4;Total;
Kazakhstan;2014;0.04;Total;
Kazakhstan;2015;-0.04;Total;
Kazakhstan;2016;0.01;Total;
Kazakhstan;2017;0.04;Total;
Kazakhstan;2018;0;Total;
Kenya;2000;-1.07;Total;
Kenya;2002;-1.19;Total;
Kenya;2003;-1.26;Total;
Kenya;2004;-1.09;Total;
Kenya;2005;-1.25;Total;
Kenya;2006;-1.13;Total;
Kenya;2007;-1.3;Total;
Kenya;2008;-1.39;Total;
Kenya;2009;-1.43;Total;
Kenya;2010;-1.17;Total;
Kenya;2011;-1.24;Total;
Kenya;2012;-1.32;Total;
Kenya;2013;-1.17;Total;
Kenya;2014;-1.28;Total;
Kenya;2015;-1.24;Total;
Kenya;2016;-1.35;Total;
Kenya;2017;-1.13;Total;
Kenya;2018;-1.16;Total;
Kiribati;2003;1.17;Total;
Kiribati;2004;1.16;Total;
Kiribati;2005;1.38;Total;
Kiribati;2006;1.35;Total;
Kiribati;2007;1.34;Total;
Kiribati;2008;1.34;Total;
Kiribati;2009;1.4;Total;
Kiribati;2010;1.42;Total;
Kiribati;2011;1.3;Total;
Kiribati;2012;1.29;Total;
Kiribati;2013;1.28;Total;
Kiribati;2014;0.8;Total;
Kiribati;2015;0.84;Total;
Kiribati;2016;0.87;Total;
Kiribati;2017;0.88;Total;
Kiribati;2018;01.03;Total;
Koweït;2000;0.75;Total;
Koweït;2002;-0.15;Total;
Koweït;2003;0.29;Total;
Koweït;2004;0.34;Total;
Koweït;2005;0.25;Total;
Koweït;2006;0.41;Total;
Koweït;2007;0.62;Total;
Koweït;2008;0.5;Total;
Koweït;2009;0.35;Total;
Koweït;2010;0.45;Total;
Koweït;2011;0.31;Total;
Koweït;2012;0.2;Total;
Koweït;2013;0.17;Total;
Koweït;2014;0.15;Total;
Koweït;2015;-0.21;Total;
Koweït;2016;-0.05;Total;
Koweït;2017;-0.05;Total;
Koweït;2018;0.11;Total;
Kirghizistan;2000;-0.18;Total;
Kirghizistan;2002;-0.61;Total;
Kirghizistan;2003;-1.1;Total;
Kirghizistan;2004;-1.18;Total;
Kirghizistan;2005;-1.18;Total;
Kirghizistan;2006;-1.39;Total;
Kirghizistan;2007;-0.99;Total;
Kirghizistan;2008;-0.57;Total;
Kirghizistan;2009;-0.62;Total;
Kirghizistan;2010;-1.04;Total;
Kirghizistan;2011;-1.1;Total;
Kirghizistan;2012;-0.91;Total;
Kirghizistan;2013;-0.91;Total;
Kirghizistan;2014;-0.8;Total;
Kirghizistan;2015;-0.88;Total;
Kirghizistan;2016;-0.65;Total;
Kirghizistan;2017;-0.43;Total;
Kirghizistan;2018;-0.58;Total;
Lettonie;2000;0.42;Total;
Lettonie;2002;0.94;Total;
Lettonie;2003;1;Total;
Lettonie;2004;0.62;Total;
Lettonie;2005;0.81;Total;
Lettonie;2006;0.84;Total;
Lettonie;2007;0.56;Total;
Lettonie;2008;0.2;Total;
Lettonie;2009;0.35;Total;
Lettonie;2010;0.53;Total;
Lettonie;2011;0.32;Total;
Lettonie;2012;0.45;Total;
Lettonie;2013;0.59;Total;
Lettonie;2014;0.49;Total;
Lettonie;2015;0.44;Total;
Lettonie;2016;0.48;Total;
Lettonie;2017;0.46;Total;
Lettonie;2018;0.42;Total;
Liban;2000;-0.44;Total;
Liban;2002;-0.36;Total;
Liban;2003;-0.46;Total;
Liban;2004;-0.71;Total;
Liban;2005;-1;Total;
Liban;2006;-1.81;Total;
Liban;2007;-2.12;Total;
Liban;2008;-1.88;Total;
Liban;2009;-1.56;Total;
Liban;2010;-1.63;Total;
Liban;2011;-1.56;Total;
Liban;2012;-1.66;Total;
Liban;2013;-1.69;Total;
Liban;2014;-1.7;Total;
Liban;2015;-1.7;Total;
Liban;2016;-1.62;Total;
Liban;2017;-1.63;Total;
Liban;2018;-1.64;Total;
Lesotho;2000;0.1;Total;
Lesotho;2002;-0.05;Total;
Lesotho;2003;0.1;Total;
Lesotho;2004;0.36;Total;
Lesotho;2005;0;Total;
Lesotho;2006;-0.13;Total;
Lesotho;2007;-0.39;Total;
Lesotho;2008;-0.21;Total;
Lesotho;2009;0.33;Total;
Lesotho;2010;0.46;Total;
Lesotho;2011;0.38;Total;
Lesotho;2012;0.27;Total;
Lesotho;2013;0.34;Total;
Lesotho;2014;-0.33;Total;
Lesotho;2015;-0.31;Total;
Lesotho;2016;-0.24;Total;
Lesotho;2017;-0.19;Total;
Lesotho;2018;-0.22;Total;
Libéria;2000;-1.95;Total;
Libéria;2002;-2.19;Total;
Libéria;2003;-2.16;Total;
Libéria;2004;-1.37;Total;
Libéria;2005;-1.36;Total;
Libéria;2006;-1.33;Total;
Libéria;2007;-1.24;Total;
Libéria;2008;-1.29;Total;
Libéria;2009;-1.05;Total;
Libéria;2010;-0.47;Total;
Libéria;2011;-0.43;Total;
Libéria;2012;-0.48;Total;
Libéria;2013;-0.48;Total;
Libéria;2014;-0.62;Total;
Libéria;2015;-0.82;Total;
Libéria;2016;-0.44;Total;
Libéria;2017;-0.36;Total;
Libéria;2018;-0.19;Total;
Libye;2000;-0.3;Total;
Libye;2002;-0.1;Total;
Libye;2003;0.12;Total;
Libye;2004;0.36;Total;
Libye;2005;0.45;Total;
Libye;2006;0.36;Total;
Libye;2007;0.75;Total;
Libye;2008;0.81;Total;
Libye;2009;0.83;Total;
Libye;2010;0.03;Total;
Libye;2011;-1.29;Total;
Libye;2012;-1.59;Total;
Libye;2013;-1.84;Total;
Libye;2014;-2.35;Total;
Libye;2015;-2.2;Total;
Libye;2016;-2.28;Total;
Libye;2017;-2.36;Total;
Libye;2018;-2.44;Total;
Lituanie;2000;0.42;Total;
Lituanie;2002;0.89;Total;
Lituanie;2003;01.05;Total;
Lituanie;2004;0.77;Total;
Lituanie;2005;0.78;Total;
Lituanie;2006;0.87;Total;
Lituanie;2007;0.82;Total;
Lituanie;2008;0.75;Total;
Lituanie;2009;0.63;Total;
Lituanie;2010;0.72;Total;
Lituanie;2011;0.67;Total;
Lituanie;2012;0.79;Total;
Lituanie;2013;0.96;Total;
Lituanie;2014;0.74;Total;
Lituanie;2015;0.76;Total;
Lituanie;2016;0.83;Total;
Lituanie;2017;0.78;Total;
Lituanie;2018;0.75;Total;
Luxembourg;2000;1.61;Total;
Luxembourg;2002;1.64;Total;
Luxembourg;2003;1.44;Total;
Luxembourg;2004;1.32;Total;
Luxembourg;2005;1.33;Total;
Luxembourg;2006;1.4;Total;
Luxembourg;2007;1.48;Total;
Luxembourg;2008;1.51;Total;
Luxembourg;2009;1.45;Total;
Luxembourg;2010;1.46;Total;
Luxembourg;2011;1.32;Total;
Luxembourg;2012;1.33;Total;
Luxembourg;2013;1.34;Total;
Luxembourg;2014;1.38;Total;
Luxembourg;2015;1.44;Total;
Luxembourg;2016;1.42;Total;
Luxembourg;2017;1.33;Total;
Luxembourg;2018;1.37;Total;
Madagascar;2000;0.16;Total;
Madagascar;2002;-0.23;Total;
Madagascar;2003;0.62;Total;
Madagascar;2004;0.24;Total;
Madagascar;2005;-0.02;Total;
Madagascar;2006;0.18;Total;
Madagascar;2007;0.09;Total;
Madagascar;2008;-0.47;Total;
Madagascar;2009;-0.73;Total;
Madagascar;2010;-0.98;Total;
Madagascar;2011;-0.71;Total;
Madagascar;2012;-0.54;Total;
Madagascar;2013;-0.66;Total;
Madagascar;2014;-0.56;Total;
Madagascar;2015;-0.43;Total;
Madagascar;2016;-0.29;Total;
Madagascar;2017;-0.3;Total;
Madagascar;2018;-0.52;Total;
Malawi;2000;-0.33;Total;
Malawi;2002;0;Total;
Malawi;2003;0.04;Total;
Malawi;2004;0.12;Total;
Malawi;2005;0.1;Total;
Malawi;2006;0.12;Total;
Malawi;2007;0.08;Total;
Malawi;2008;-0.06;Total;
Malawi;2009;0.05;Total;
Malawi;2010;0.04;Total;
Malawi;2011;-0.07;Total;
Malawi;2012;0;Total;
Malawi;2013;-0.21;Total;
Malawi;2014;0.08;Total;
Malawi;2015;0.03;Total;
Malawi;2016;-0.11;Total;
Malawi;2017;-0.25;Total;
Malawi;2018;-0.33;Total;
Malaisie;2000;0.09;Total;
Malaisie;2002;0.54;Total;
Malaisie;2003;0.49;Total;
Malaisie;2004;0.35;Total;
Malaisie;2005;0.56;Total;
Malaisie;2006;0.29;Total;
Malaisie;2007;0.19;Total;
Malaisie;2008;0.11;Total;
Malaisie;2009;-0.04;Total;
Malaisie;2010;0.14;Total;
Malaisie;2011;0.08;Total;
Malaisie;2012;-0.01;Total;
Malaisie;2013;0.05;Total;
Malaisie;2014;0.27;Total;
Malaisie;2015;0.26;Total;
Malaisie;2016;0.14;Total;
Malaisie;2017;0.12;Total;
Malaisie;2018;0.24;Total;
Maldives;2000;1.18;Total;
Maldives;2002;01.08;Total;
Maldives;2003;01.03;Total;
Maldives;2004;0.5;Total;
Maldives;2005;0.81;Total;
Maldives;2006;0.76;Total;
Maldives;2007;0.08;Total;
Maldives;2008;-0.16;Total;
Maldives;2009;-0.23;Total;
Maldives;2010;-0.17;Total;
Maldives;2011;-0.24;Total;
Maldives;2012;-0.37;Total;
Maldives;2013;0.13;Total;
Maldives;2014;0.68;Total;
Maldives;2015;0.42;Total;
Maldives;2016;0.42;Total;
Maldives;2017;0.23;Total;
Maldives;2018;0.1;Total;
Mali;2000;0.24;Total;
Mali;2002;0.41;Total;
Mali;2003;0.26;Total;
Mali;2004;0.45;Total;
Mali;2005;0.18;Total;
Mali;2006;0.41;Total;
Mali;2007;0.23;Total;
Mali;2008;0.21;Total;
Mali;2009;-0.08;Total;
Mali;2010;-0.18;Total;
Mali;2011;-0.71;Total;
Mali;2012;-2.03;Total;
Mali;2013;-1.72;Total;
Mali;2014;-1.71;Total;
Mali;2015;-1.69;Total;
Mali;2016;-1.62;Total;
Mali;2017;-1.91;Total;
Mali;2018;-2.05;Total;
Malte;2000;1.59;Total;
Malte;2002;1.6;Total;
Malte;2003;1.55;Total;
Malte;2004;1.32;Total;
Malte;2005;1.38;Total;
Malte;2006;1.23;Total;
Malte;2007;1.27;Total;
Malte;2008;1.27;Total;
Malte;2009;1.25;Total;
Malte;2010;1.25;Total;
Malte;2011;01.06;Total;
Malte;2012;01.07;Total;
Malte;2013;01.04;Total;
Malte;2014;1.13;Total;
Malte;2015;01.06;Total;
Malte;2016;01.08;Total;
Malte;2017;1.25;Total;
Malte;2018;1.29;Total;
Iles Marshall;2003;1.17;Total;
Iles Marshall;2004;1.13;Total;
Iles Marshall;2005;01.07;Total;
Iles Marshall;2006;01.04;Total;
Iles Marshall;2007;01.08;Total;
Iles Marshall;2008;01.01;Total;
Iles Marshall;2009;1.38;Total;
Iles Marshall;2010;1.15;Total;
Iles Marshall;2011;01.06;Total;
Iles Marshall;2012;01.03;Total;
Iles Marshall;2013;01.05;Total;
Iles Marshall;2014;0.99;Total;
Iles Marshall;2015;0.92;Total;
Iles Marshall;2016;0.21;Total;
Iles Marshall;2017;0.87;Total;
Iles Marshall;2018;0.86;Total;
Mauritanie;2000;0.34;Total;
Mauritanie;2002;0.38;Total;
Mauritanie;2003;0.06;Total;
Mauritanie;2004;-0.17;Total;
Mauritanie;2005;-0.23;Total;
Mauritanie;2006;0.24;Total;
Mauritanie;2007;-0.28;Total;
Mauritanie;2008;-0.64;Total;
Mauritanie;2009;-0.88;Total;
Mauritanie;2010;-1.08;Total;
Mauritanie;2011;-1.17;Total;
Mauritanie;2012;-1.13;Total;
Mauritanie;2013;-1.01;Total;
Mauritanie;2014;-0.59;Total;
Mauritanie;2015;-0.64;Total;
Mauritanie;2016;-0.75;Total;
Mauritanie;2017;-0.63;Total;
Mauritanie;2018;-0.67;Total;
Maurice;2000;0.76;Total;
Maurice;2002;1.12;Total;
Maurice;2003;01.01;Total;
Maurice;2004;0.97;Total;
Maurice;2005;01.03;Total;
Maurice;2006;0.78;Total;
Maurice;2007;0.88;Total;
Maurice;2008;0.89;Total;
Maurice;2009;0.71;Total;
Maurice;2010;0.64;Total;
Maurice;2011;0.95;Total;
Maurice;2012;0.97;Total;
Maurice;2013;0.94;Total;
Maurice;2014;0.67;Total;
Maurice;2015;1;Total;
Maurice;2016;01.01;Total;
Maurice;2017;0.97;Total;
Maurice;2018;0.87;Total;
Mexique;2000;-0.2;Total;
Mexique;2002;-0.06;Total;
Mexique;2003;-0.12;Total;
Mexique;2004;-0.21;Total;
Mexique;2005;-0.45;Total;
Mexique;2006;-0.64;Total;
Mexique;2007;-0.73;Total;
Mexique;2008;-0.8;Total;
Mexique;2009;-0.69;Total;
Mexique;2010;-0.73;Total;
Mexique;2011;-0.67;Total;
Mexique;2012;-0.66;Total;
Mexique;2013;-0.71;Total;
Mexique;2014;-0.85;Total;
Mexique;2015;-0.8;Total;
Mexique;2016;-0.63;Total;
Mexique;2017;-0.72;Total;
Mexique;2018;-0.57;Total;
Mongolie;2000;0.82;Total;
Mongolie;2002;1.17;Total;
Mongolie;2003;0.96;Total;
Mongolie;2004;0.77;Total;
Mongolie;2005;0.88;Total;
Mongolie;2006;0.65;Total;
Mongolie;2007;0.67;Total;
Mongolie;2008;0.54;Total;
Mongolie;2009;0.61;Total;
Mongolie;2010;0.6;Total;
Mongolie;2011;0.61;Total;
Mongolie;2012;0.47;Total;
Mongolie;2013;0.49;Total;
Mongolie;2014;0.79;Total;
Mongolie;2015;0.72;Total;
Mongolie;2016;0.8;Total;
Mongolie;2017;0.79;Total;
Mongolie;2018;0.79;Total;
Monténégro;2006;0.04;Total;
Monténégro;2007;0.11;Total;
Monténégro;2008;0.77;Total;
Monténégro;2009;0.82;Total;
Monténégro;2010;0.58;Total;
Monténégro;2011;0.57;Total;
Monténégro;2012;0.6;Total;
Monténégro;2013;0.5;Total;
Monténégro;2014;0.22;Total;
Monténégro;2015;0.14;Total;
Monténégro;2016;0.28;Total;
Monténégro;2017;-0.06;Total;
Monténégro;2018;0.11;Total;
Maroc;2000;-0.07;Total;
Maroc;2002;-0.26;Total;
Maroc;2003;-0.41;Total;
Maroc;2004;-0.31;Total;
Maroc;2005;-0.56;Total;
Maroc;2006;-0.46;Total;
Maroc;2007;-0.5;Total;
Maroc;2008;-0.57;Total;
Maroc;2009;-0.4;Total;
Maroc;2010;-0.38;Total;
Maroc;2011;-0.39;Total;
Maroc;2012;-0.47;Total;
Maroc;2013;-0.49;Total;
Maroc;2014;-0.45;Total;
Maroc;2015;-0.34;Total;
Maroc;2016;-0.31;Total;
Maroc;2017;-0.37;Total;
Maroc;2018;-0.33;Total;
Mozambique;2000;-0.13;Total;
Mozambique;2002;0.19;Total;
Mozambique;2003;0.25;Total;
Mozambique;2004;0;Total;
Mozambique;2005;0.12;Total;
Mozambique;2006;0.52;Total;
Mozambique;2007;0.36;Total;
Mozambique;2008;0.38;Total;
Mozambique;2009;0.63;Total;
Mozambique;2010;0.39;Total;
Mozambique;2011;0.33;Total;
Mozambique;2012;0.39;Total;
Mozambique;2013;-0.23;Total;
Mozambique;2014;-0.34;Total;
Mozambique;2015;-0.51;Total;
Mozambique;2016;-1.09;Total;
Mozambique;2017;-0.93;Total;
Mozambique;2018;-0.78;Total;
Myanmar;2000;-1.67;Total;
Myanmar;2002;-1.41;Total;
Myanmar;2003;-1.15;Total;
Myanmar;2004;-0.99;Total;
Myanmar;2005;-0.9;Total;
Myanmar;2006;-0.85;Total;
Myanmar;2007;-1.06;Total;
Myanmar;2008;-1.09;Total;
Myanmar;2009;-1.29;Total;
Myanmar;2010;-1.29;Total;
Myanmar;2011;-1.11;Total;
Myanmar;2012;-0.94;Total;
Myanmar;2013;-1.14;Total;
Myanmar;2014;-1.09;Total;
Myanmar;2015;-1.17;Total;
Myanmar;2016;-0.8;Total;
Myanmar;2017;-1.08;Total;
Myanmar;2018;-1.31;Total;
Namibie;2000;-0.25;Total;
Namibie;2002;0.15;Total;
Namibie;2003;0.48;Total;
Namibie;2004;0.66;Total;
Namibie;2005;0.63;Total;
Namibie;2006;0.78;Total;
Namibie;2007;01.02;Total;
Namibie;2008;1.2;Total;
Namibie;2009;0.93;Total;
Namibie;2010;0.85;Total;
Namibie;2011;0.91;Total;
Namibie;2012;0.98;Total;
Namibie;2013;0.96;Total;
Namibie;2014;0.61;Total;
Namibie;2015;0.73;Total;
Namibie;2016;0.71;Total;
Namibie;2017;0.63;Total;
Namibie;2018;0.65;Total;
Nauru;2003;1.17;Total;
Nauru;2004;1.13;Total;
Nauru;2005;01.07;Total;
Nauru;2006;01.04;Total;
Nauru;2007;01.08;Total;
Nauru;2008;01.01;Total;
Nauru;2009;1.38;Total;
Nauru;2010;1.45;Total;
Nauru;2011;01.06;Total;
Nauru;2012;01.03;Total;
Nauru;2013;01.05;Total;
Nauru;2014;0.6;Total;
Nauru;2015;0.54;Total;
Nauru;2016;0.58;Total;
Nauru;2017;0.52;Total;
Nauru;2018;0.51;Total;
Népal;2000;-1.17;Total;
Népal;2002;-1.72;Total;
Népal;2003;-1.89;Total;
Népal;2004;-2.15;Total;
Népal;2005;-2.1;Total;
Népal;2006;-1.89;Total;
Népal;2007;-1.88;Total;
Népal;2008;-1.83;Total;
Népal;2009;-1.62;Total;
Népal;2010;-1.58;Total;
Népal;2011;-1.42;Total;
Népal;2012;-1.38;Total;
Népal;2013;-1.13;Total;
Népal;2014;-0.72;Total;
Népal;2015;-1;Total;
Népal;2016;-0.85;Total;
Népal;2017;-0.69;Total;
Népal;2018;-0.63;Total;
Pays-Bas;2000;1.76;Total;
Pays-Bas;2002;1.31;Total;
Pays-Bas;2003;1.16;Total;
Pays-Bas;2004;01.02;Total;
Pays-Bas;2005;0.99;Total;
Pays-Bas;2006;0.9;Total;
Pays-Bas;2007;0.78;Total;
Pays-Bas;2008;0.87;Total;
Pays-Bas;2009;0.94;Total;
Pays-Bas;2010;0.94;Total;
Pays-Bas;2011;1.11;Total;
Pays-Bas;2012;1.19;Total;
Pays-Bas;2013;1.14;Total;
Pays-Bas;2014;01.05;Total;
Pays-Bas;2015;0.93;Total;
Pays-Bas;2016;0.91;Total;
Pays-Bas;2017;0.92;Total;
Pays-Bas;2018;0.87;Total;
Nouvelle-Zélande;2000;1.36;Total;
Nouvelle-Zélande;2002;1.32;Total;
Nouvelle-Zélande;2003;1.19;Total;
Nouvelle-Zélande;2004;1.5;Total;
Nouvelle-Zélande;2005;1.25;Total;
Nouvelle-Zélande;2006;1.26;Total;
Nouvelle-Zélande;2007;1.24;Total;
Nouvelle-Zélande;2008;1.16;Total;
Nouvelle-Zélande;2009;01.07;Total;
Nouvelle-Zélande;2010;1.24;Total;
Nouvelle-Zélande;2011;1.38;Total;
Nouvelle-Zélande;2012;1.36;Total;
Nouvelle-Zélande;2013;1.45;Total;
Nouvelle-Zélande;2014;1.47;Total;
Nouvelle-Zélande;2015;1.53;Total;
Nouvelle-Zélande;2016;1.52;Total;
Nouvelle-Zélande;2017;1.59;Total;
Nouvelle-Zélande;2018;1.54;Total;
Nicaragua;2000;-0.06;Total;
Nicaragua;2002;-0.09;Total;
Nicaragua;2003;-0.37;Total;
Nicaragua;2004;-0.34;Total;
Nicaragua;2005;-0.34;Total;
Nicaragua;2006;-0.27;Total;
Nicaragua;2007;-0.12;Total;
Nicaragua;2008;-0.22;Total;
Nicaragua;2009;-0.31;Total;
Nicaragua;2010;-0.5;Total;
Nicaragua;2011;-0.27;Total;
Nicaragua;2012;-0.35;Total;
Nicaragua;2013;-0.25;Total;
Nicaragua;2014;-0.04;Total;
Nicaragua;2015;-0.09;Total;
Nicaragua;2016;-0.09;Total;
Nicaragua;2017;-0.05;Total;
Nicaragua;2018;-0.8;Total;
Niger;2000;0.12;Total;
Niger;2002;-0.13;Total;
Niger;2003;0.04;Total;
Niger;2004;-0.51;Total;
Niger;2005;-0.49;Total;
Niger;2006;-0.23;Total;
Niger;2007;-0.46;Total;
Niger;2008;-0.67;Total;
Niger;2009;-1.15;Total;
Niger;2010;-1.16;Total;
Niger;2011;-0.88;Total;
Niger;2012;-1.15;Total;
Niger;2013;-1.32;Total;
Niger;2014;-1.18;Total;
Niger;2015;-1.07;Total;
Niger;2016;-1.1;Total;
Niger;2017;-1.27;Total;
Niger;2018;-1.26;Total;
Nigéria;2000;-1.46;Total;
Nigéria;2002;-1.63;Total;
Nigéria;2003;-1.63;Total;
Nigéria;2004;-1.75;Total;
Nigéria;2005;-1.67;Total;
Nigéria;2006;-2.03;Total;
Nigéria;2007;-2.01;Total;
Nigéria;2008;-1.86;Total;
Nigéria;2009;-2;Total;
Nigéria;2010;-2.21;Total;
Nigéria;2011;-1.96;Total;
Nigéria;2012;-2.04;Total;
Nigéria;2013;-2.09;Total;
Nigéria;2014;-2.13;Total;
Nigéria;2015;-1.93;Total;
Nigéria;2016;-1.88;Total;
Nigéria;2017;-2;Total;
Nigéria;2018;-2.19;Total;
Niue;2009;1.14;Total;
Niue;2010;1.32;Total;
Norvège;2000;1.53;Total;
Norvège;2002;1.61;Total;
Norvège;2003;1.21;Total;
Norvège;2004;1.2;Total;
Norvège;2005;1.3;Total;
Norvège;2006;1.25;Total;
Norvège;2007;1.15;Total;
Norvège;2008;1.29;Total;
Norvège;2009;1.28;Total;
Norvège;2010;1.33;Total;
Norvège;2011;1.34;Total;
Norvège;2012;1.33;Total;
Norvège;2013;1.35;Total;
Norvège;2014;1.12;Total;
Norvège;2015;1.16;Total;
Norvège;2016;1.2;Total;
Norvège;2017;1.17;Total;
Norvège;2018;1.15;Total;
Pakistan;2000;-1.1;Total;
Pakistan;2002;-1.64;Total;
Pakistan;2003;-1.55;Total;
Pakistan;2004;-1.58;Total;
Pakistan;2005;-1.75;Total;
Pakistan;2006;-2.03;Total;
Pakistan;2007;-2.43;Total;
Pakistan;2008;-2.57;Total;
Pakistan;2009;-2.64;Total;
Pakistan;2010;-2.68;Total;
Pakistan;2011;-2.81;Total;
Pakistan;2012;-2.68;Total;
Pakistan;2013;-2.6;Total;
Pakistan;2014;-2.4;Total;
Pakistan;2015;-2.48;Total;
Pakistan;2016;-2.48;Total;
Pakistan;2017;-2.41;Total;
Pakistan;2018;-2.27;Total;
Palau;2003;1.17;Total;
Palau;2004;1.13;Total;
Palau;2005;01.07;Total;
Palau;2006;01.04;Total;
Palau;2007;01.08;Total;
Palau;2008;01.01;Total;
Palau;2009;1.38;Total;
Palau;2010;1.45;Total;
Palau;2011;01.06;Total;
Palau;2012;01.03;Total;
Palau;2013;01.05;Total;
Palau;2014;0.99;Total;
Palau;2015;0.92;Total;
Palau;2016;0.95;Total;
Palau;2017;0.87;Total;
Palau;2018;0.86;Total;
Panama;2000;0.25;Total;
Panama;2002;0.34;Total;
Panama;2003;0.07;Total;
Panama;2004;0.08;Total;
Panama;2005;-0.16;Total;
Panama;2006;-0.07;Total;
Panama;2007;-0.06;Total;
Panama;2008;-0.1;Total;
Panama;2009;0.06;Total;
Panama;2010;-0.12;Total;
Panama;2011;-0.03;Total;
Panama;2012;-0.18;Total;
Panama;2013;-0.14;Total;
Panama;2014;0.21;Total;
Panama;2015;0.39;Total;
Panama;2016;0.41;Total;
Panama;2017;0.39;Total;
Panama;2018;0.28;Total;
Papouasie-Nouvelle-Guinée;2000;-0.21;Total;
Papouasie-Nouvelle-Guinée;2002;-0.55;Total;
Papouasie-Nouvelle-Guinée;2003;-0.56;Total;
Papouasie-Nouvelle-Guinée;2004;-0.55;Total;
Papouasie-Nouvelle-Guinée;2005;-0.93;Total;
Papouasie-Nouvelle-Guinée;2006;-0.87;Total;
Papouasie-Nouvelle-Guinée;2007;-0.75;Total;
Papouasie-Nouvelle-Guinée;2008;-0.61;Total;
Papouasie-Nouvelle-Guinée;2009;-0.79;Total;
Papouasie-Nouvelle-Guinée;2010;-0.81;Total;
Papouasie-Nouvelle-Guinée;2011;-0.75;Total;
Papouasie-Nouvelle-Guinée;2012;-0.59;Total;
Papouasie-Nouvelle-Guinée;2013;-0.52;Total;
Papouasie-Nouvelle-Guinée;2014;-0.34;Total;
Papouasie-Nouvelle-Guinée;2015;-0.42;Total;
Papouasie-Nouvelle-Guinée;2016;-0.5;Total;
Papouasie-Nouvelle-Guinée;2017;-0.7;Total;
Papouasie-Nouvelle-Guinée;2018;-0.67;Total;
Paraguay;2000;-0.97;Total;
Paraguay;2002;-1.22;Total;
Paraguay;2003;-0.75;Total;
Paraguay;2004;-0.57;Total;
Paraguay;2005;-0.65;Total;
Paraguay;2006;-0.77;Total;
Paraguay;2007;-0.74;Total;
Paraguay;2008;-0.72;Total;
Paraguay;2009;-0.88;Total;
Paraguay;2010;-0.83;Total;
Paraguay;2011;-0.69;Total;
Paraguay;2012;-0.87;Total;
Paraguay;2013;-0.74;Total;
Paraguay;2014;-0.09;Total;
Paraguay;2015;0.04;Total;
Paraguay;2016;0.14;Total;
Paraguay;2017;0;Total;
Paraguay;2018;-0.12;Total;
Pérou;2000;-0.99;Total;
Pérou;2002;-0.97;Total;
Pérou;2003;-1.16;Total;
Pérou;2004;-1.03;Total;
Pérou;2005;-0.98;Total;
Pérou;2006;-0.84;Total;
Pérou;2007;-0.77;Total;
Pérou;2008;-0.89;Total;
Pérou;2009;-1.18;Total;
Pérou;2010;-1;Total;
Pérou;2011;-0.76;Total;
Pérou;2012;-0.91;Total;
Pérou;2013;-0.81;Total;
Pérou;2014;-0.55;Total;
Pérou;2015;-0.4;Total;
Pérou;2016;-0.2;Total;
Pérou;2017;-0.26;Total;
Pérou;2018;-0.26;Total;
Philippines;2000;-1.39;Total;
Philippines;2002;-0.86;Total;
Philippines;2003;-1.56;Total;
Philippines;2004;-1.71;Total;
Philippines;2005;-1.18;Total;
Philippines;2006;-1.64;Total;
Philippines;2007;-1.6;Total;
Philippines;2008;-1.78;Total;
Philippines;2009;-1.73;Total;
Philippines;2010;-1.65;Total;
Philippines;2011;-1.39;Total;
Philippines;2012;-1.19;Total;
Philippines;2013;-1.08;Total;
Philippines;2014;-0.71;Total;
Philippines;2015;-0.86;Total;
Philippines;2016;-1.38;Total;
Philippines;2017;-1.18;Total;
Philippines;2018;-1.12;Total;
Pologne;2000;0.31;Total;
Pologne;2002;0.74;Total;
Pologne;2003;0.58;Total;
Pologne;2004;0.15;Total;
Pologne;2005;0.36;Total;
Pologne;2006;0.35;Total;
Pologne;2007;0.68;Total;
Pologne;2008;0.91;Total;
Pologne;2009;0.94;Total;
Pologne;2010;01.02;Total;
Pologne;2011;01.07;Total;
Pologne;2012;01.05;Total;
Pologne;2013;0.97;Total;
Pologne;2014;0.84;Total;
Pologne;2015;0.87;Total;
Pologne;2016;0.51;Total;
Pologne;2017;0.52;Total;
Pologne;2018;0.55;Total;
Portugal;2000;1.4;Total;
Portugal;2002;1.44;Total;
Portugal;2003;1.29;Total;
Portugal;2004;0.97;Total;
Portugal;2005;01.02;Total;
Portugal;2006;0.95;Total;
Portugal;2007;0.82;Total;
Portugal;2008;0.99;Total;
Portugal;2009;0.79;Total;
Portugal;2010;0.72;Total;
Portugal;2011;0.74;Total;
Portugal;2012;0.78;Total;
Portugal;2013;0.75;Total;
Portugal;2014;0.81;Total;
Portugal;2015;0.92;Total;
Portugal;2016;0.97;Total;
Portugal;2017;1.12;Total;
Portugal;2018;1.14;Total;
Puerto Rico;2000;0.26;Total;
Puerto Rico;2002;0.3;Total;
Puerto Rico;2003;0.31;Total;
Puerto Rico;2004;0.56;Total;
Puerto Rico;2005;0.45;Total;
Puerto Rico;2006;0.38;Total;
Puerto Rico;2007;0.41;Total;
Puerto Rico;2008;0.27;Total;
Puerto Rico;2009;0.16;Total;
Puerto Rico;2010;0.36;Total;
Puerto Rico;2011;0.6;Total;
Puerto Rico;2012;0.58;Total;
Puerto Rico;2013;0.25;Total;
Puerto Rico;2014;0.82;Total;
Puerto Rico;2015;0.86;Total;
Puerto Rico;2016;0.69;Total;
Puerto Rico;2017;0.48;Total;
Puerto Rico;2018;0.4;Total;
Qatar;2000;1.16;Total;
Qatar;2002;0.83;Total;
Qatar;2003;1.19;Total;
Qatar;2004;1.12;Total;
Qatar;2005;01.03;Total;
Qatar;2006;0.93;Total;
Qatar;2007;0.95;Total;
Qatar;2008;1.11;Total;
Qatar;2009;1.22;Total;
Qatar;2010;1.15;Total;
Qatar;2011;1.17;Total;
Qatar;2012;1.22;Total;
Qatar;2013;1.21;Total;
Qatar;2014;0.98;Total;
Qatar;2015;1;Total;
Qatar;2016;0.9;Total;
Qatar;2017;0.66;Total;
Qatar;2018;0.68;Total;
République de Corée;2000;0.4;Total;
République de Corée;2002;0.24;Total;
République de Corée;2003;0.25;Total;
République de Corée;2004;0.43;Total;
République de Corée;2005;0.48;Total;
République de Corée;2006;0.42;Total;
République de Corée;2007;0.57;Total;
République de Corée;2008;0.42;Total;
République de Corée;2009;0.41;Total;
République de Corée;2010;0.33;Total;
République de Corée;2011;0.41;Total;
République de Corée;2012;0.27;Total;
République de Corée;2013;0.28;Total;
République de Corée;2014;0.11;Total;
République de Corée;2015;0.16;Total;
République de Corée;2016;0.16;Total;
République de Corée;2017;0.32;Total;
République de Corée;2018;0.54;Total;
Roumanie;2000;-0.38;Total;
Roumanie;2002;0.46;Total;
Roumanie;2003;0.32;Total;
Roumanie;2004;0.06;Total;
Roumanie;2005;0.08;Total;
Roumanie;2006;0.15;Total;
Roumanie;2007;0.2;Total;
Roumanie;2008;0.18;Total;
Roumanie;2009;0.36;Total;
Roumanie;2010;0.27;Total;
Roumanie;2011;0.19;Total;
Roumanie;2012;0.08;Total;
Roumanie;2013;0.18;Total;
Roumanie;2014;0.05;Total;
Roumanie;2015;0.19;Total;
Roumanie;2016;0.28;Total;
Roumanie;2017;0.06;Total;
Roumanie;2018;0.06;Total;
Fédération de Russie;2000;-1.4;Total;
Fédération de Russie;2002;-0.72;Total;
Fédération de Russie;2003;-1.19;Total;
Fédération de Russie;2004;-1.51;Total;
Fédération de Russie;2005;-1.27;Total;
Fédération de Russie;2006;-0.91;Total;
Fédération de Russie;2007;-0.86;Total;
Fédération de Russie;2008;-0.75;Total;
Fédération de Russie;2009;-0.97;Total;
Fédération de Russie;2010;-0.93;Total;
Fédération de Russie;2011;-1;Total;
Fédération de Russie;2012;-0.82;Total;
Fédération de Russie;2013;-0.74;Total;
Fédération de Russie;2014;-0.94;Total;
Fédération de Russie;2015;-1.03;Total;
Fédération de Russie;2016;-0.95;Total;
Fédération de Russie;2017;-0.64;Total;
Fédération de Russie;2018;-0.5;Total;
Rwanda;2000;-1.69;Total;
Rwanda;2002;-1.65;Total;
Rwanda;2003;-1.11;Total;
Rwanda;2004;-1.19;Total;
Rwanda;2005;-1;Total;
Rwanda;2006;-0.68;Total;
Rwanda;2007;-0.36;Total;
Rwanda;2008;-0.32;Total;
Rwanda;2009;-0.51;Total;
Rwanda;2010;-0.27;Total;
Rwanda;2011;-0.18;Total;
Rwanda;2012;-0.23;Total;
Rwanda;2013;-0.11;Total;
Rwanda;2014;-0.31;Total;
Rwanda;2015;0.01;Total;
Rwanda;2016;-0.05;Total;
Rwanda;2017;0.09;Total;
Rwanda;2018;0.12;Total;
Saint-Kitts-et-Nevis;2003;1.17;Total;
Saint-Kitts-et-Nevis;2004;1.36;Total;
Saint-Kitts-et-Nevis;2005;1.29;Total;
Saint-Kitts-et-Nevis;2006;1.21;Total;
Saint-Kitts-et-Nevis;2007;0.8;Total;
Saint-Kitts-et-Nevis;2008;0.92;Total;
Saint-Kitts-et-Nevis;2009;01.09;Total;
Saint-Kitts-et-Nevis;2010;01.04;Total;
Saint-Kitts-et-Nevis;2011;0.96;Total;
Saint-Kitts-et-Nevis;2012;0.98;Total;
Saint-Kitts-et-Nevis;2013;0.96;Total;
Saint-Kitts-et-Nevis;2014;0.57;Total;
Saint-Kitts-et-Nevis;2015;0.58;Total;
Saint-Kitts-et-Nevis;2016;0.63;Total;
Saint-Kitts-et-Nevis;2017;0.65;Total;
Saint-Kitts-et-Nevis;2018;0.71;Total;
Sainte-Lucie;2000;1.22;Total;
Sainte-Lucie;2002;0.36;Total;
Sainte-Lucie;2003;1.17;Total;
Sainte-Lucie;2004;1.22;Total;
Sainte-Lucie;2005;1;Total;
Sainte-Lucie;2006;0.86;Total;
Sainte-Lucie;2007;0.62;Total;
Sainte-Lucie;2008;0.64;Total;
Sainte-Lucie;2009;0.69;Total;
Sainte-Lucie;2010;0.79;Total;
Sainte-Lucie;2011;0.85;Total;
Sainte-Lucie;2012;0.89;Total;
Sainte-Lucie;2013;0.85;Total;
Sainte-Lucie;2014;0.82;Total;
Sainte-Lucie;2015;0.85;Total;
Sainte-Lucie;2016;01.02;Total;
Sainte-Lucie;2017;0.99;Total;
Sainte-Lucie;2018;01.01;Total;
Samoa;2000;1.28;Total;
Samoa;2002;1.1;Total;
Samoa;2003;1.27;Total;
Samoa;2004;1.16;Total;
Samoa;2005;1.13;Total;
Samoa;2006;1.1;Total;
Samoa;2007;1;Total;
Samoa;2008;1.1;Total;
Samoa;2009;0.96;Total;
Samoa;2010;0.77;Total;
Samoa;2011;0.99;Total;
Samoa;2012;1;Total;
Samoa;2013;0.99;Total;
Samoa;2014;1.12;Total;
Samoa;2015;1.18;Total;
Samoa;2016;1.2;Total;
Samoa;2017;1.18;Total;
Samoa;2018;1.19;Total;
Sao Tomé-et-Principe;2000;1.15;Total;
Sao Tomé-et-Principe;2002;0.55;Total;
Sao Tomé-et-Principe;2003;0.26;Total;
Sao Tomé-et-Principe;2004;0.57;Total;
Sao Tomé-et-Principe;2005;0.58;Total;
Sao Tomé-et-Principe;2006;0.35;Total;
Sao Tomé-et-Principe;2007;0.39;Total;
Sao Tomé-et-Principe;2008;0.18;Total;
Sao Tomé-et-Principe;2009;0.15;Total;
Sao Tomé-et-Principe;2010;0.12;Total;
Sao Tomé-et-Principe;2011;0.01;Total;
Sao Tomé-et-Principe;2012;0.01;Total;
Sao Tomé-et-Principe;2013;0.11;Total;
Sao Tomé-et-Principe;2014;0.18;Total;
Sao Tomé-et-Principe;2015;0.14;Total;
Sao Tomé-et-Principe;2016;0.22;Total;
Sao Tomé-et-Principe;2017;0.19;Total;
Sao Tomé-et-Principe;2018;0.53;Total;
Arabie saoudite;2000;0.23;Total;
Arabie saoudite;2002;0;Total;
Arabie saoudite;2003;0.14;Total;
Arabie saoudite;2004;-0.66;Total;
Arabie saoudite;2005;-0.24;Total;
Arabie saoudite;2006;-0.52;Total;
Arabie saoudite;2007;-0.47;Total;
Arabie saoudite;2008;-0.34;Total;
Arabie saoudite;2009;-0.49;Total;
Arabie saoudite;2010;-0.23;Total;
Arabie saoudite;2011;-0.46;Total;
Arabie saoudite;2012;-0.48;Total;
Arabie saoudite;2013;-0.43;Total;
Arabie saoudite;2014;-0.29;Total;
Arabie saoudite;2015;-0.63;Total;
Arabie saoudite;2016;-0.46;Total;
Arabie saoudite;2017;-0.58;Total;
Arabie saoudite;2018;-0.52;Total;
Sénégal;2000;-0.59;Total;
Sénégal;2002;-0.27;Total;
Sénégal;2003;-0.25;Total;
Sénégal;2004;0.03;Total;
Sénégal;2005;-0.2;Total;
Sénégal;2006;-0.26;Total;
Sénégal;2007;-0.24;Total;
Sénégal;2008;-0.15;Total;
Sénégal;2009;-0.2;Total;
Sénégal;2010;-0.42;Total;
Sénégal;2011;-0.28;Total;
Sénégal;2012;-0.11;Total;
Sénégal;2013;-0.06;Total;
Sénégal;2014;-0.2;Total;
Sénégal;2015;-0.12;Total;
Sénégal;2016;-0.22;Total;
Sénégal;2017;-0.05;Total;
Sénégal;2018;-0.09;Total;
Serbie;2000;-1.64;Total;
Serbie;2002;-0.51;Total;
Serbie;2003;-0.58;Total;
Serbie;2004;-0.51;Total;
Serbie;2005;-0.77;Total;
Serbie;2006;-0.54;Total;
Serbie;2007;-0.59;Total;
Serbie;2008;-0.54;Total;
Serbie;2009;-0.48;Total;
Serbie;2010;-0.42;Total;
Serbie;2011;-0.28;Total;
Serbie;2012;-0.22;Total;
Serbie;2013;-0.08;Total;
Serbie;2014;0.18;Total;
Serbie;2015;0.24;Total;
Serbie;2016;0.14;Total;
Serbie;2017;0.09;Total;
Serbie;2018;0.08;Total;
Seychelles;2000;1.28;Total;
Seychelles;2002;0.9;Total;
Seychelles;2003;0.65;Total;
Seychelles;2004;0.66;Total;
Seychelles;2005;0.93;Total;
Seychelles;2006;0.91;Total;
Seychelles;2007;0.79;Total;
Seychelles;2008;0.75;Total;
Seychelles;2009;0.6;Total;
Seychelles;2010;0.86;Total;
Seychelles;2011;0.94;Total;
Seychelles;2012;0.74;Total;
Seychelles;2013;0.83;Total;
Seychelles;2014;0.36;Total;
Seychelles;2015;0.69;Total;
Seychelles;2016;0.73;Total;
Seychelles;2017;0.79;Total;
Seychelles;2018;0.7;Total;
Sierra Leone;2000;-1.87;Total;
Sierra Leone;2002;-0.69;Total;
Sierra Leone;2003;-1.08;Total;
Sierra Leone;2004;-0.51;Total;
Sierra Leone;2005;-0.48;Total;
Sierra Leone;2006;-0.3;Total;
Sierra Leone;2007;-0.06;Total;
Sierra Leone;2008;-0.24;Total;
Sierra Leone;2009;-0.29;Total;
Sierra Leone;2010;-0.24;Total;
Sierra Leone;2011;-0.17;Total;
Sierra Leone;2012;-0.28;Total;
Sierra Leone;2013;-0.17;Total;
Sierra Leone;2014;-0.1;Total;
Sierra Leone;2015;-0.1;Total;
Sierra Leone;2016;-0.16;Total;
Sierra Leone;2017;-0.04;Total;
Sierra Leone;2018;-0.03;Total;
Singapour;2000;1.14;Total;
Singapour;2002;1.26;Total;
Singapour;2003;0.88;Total;
Singapour;2004;01.09;Total;
Singapour;2005;1.16;Total;
Singapour;2006;1.25;Total;
Singapour;2007;1.17;Total;
Singapour;2008;1.35;Total;
Singapour;2009;1.18;Total;
Singapour;2010;1.17;Total;
Singapour;2011;1.19;Total;
Singapour;2012;1.37;Total;
Singapour;2013;1.38;Total;
Singapour;2014;1.19;Total;
Singapour;2015;1.31;Total;
Singapour;2016;1.5;Total;
Singapour;2017;1.62;Total;
Singapour;2018;1.51;Total;
Slovaquie;2000;0.66;Total;
Slovaquie;2002;0.94;Total;
Slovaquie;2003;0.95;Total;
Slovaquie;2004;0.59;Total;
Slovaquie;2005;0.9;Total;
Slovaquie;2006;0.78;Total;
Slovaquie;2007;01.04;Total;
Slovaquie;2008;01.08;Total;
Slovaquie;2009;0.92;Total;
Slovaquie;2010;01.05;Total;
Slovaquie;2011;0.97;Total;
Slovaquie;2012;01.09;Total;
Slovaquie;2013;1.12;Total;
Slovaquie;2014;01.04;Total;
Slovaquie;2015;0.87;Total;
Slovaquie;2016;0.72;Total;
Slovaquie;2017;0.91;Total;
Slovaquie;2018;0.75;Total;
Slovénie;2000;0.89;Total;
Slovénie;2002;1.3;Total;
Slovénie;2003;1.19;Total;
Slovénie;2004;01.08;Total;
Slovénie;2005;01.09;Total;
Slovénie;2006;01.08;Total;
Slovénie;2007;1.1;Total;
Slovénie;2008;1.15;Total;
Slovénie;2009;0.93;Total;
Slovénie;2010;0.87;Total;
Slovénie;2011;0.97;Total;
Slovénie;2012;0.94;Total;
Slovénie;2013;0.88;Total;
Slovénie;2014;0.97;Total;
Slovénie;2015;0.95;Total;
Slovénie;2016;0.99;Total;
Slovénie;2017;0.87;Total;
Slovénie;2018;0.91;Total;
Îles Salomon;2000;-0.74;Total;
Îles Salomon;2002;-0.44;Total;
Îles Salomon;2003;0.36;Total;
Îles Salomon;2004;0.02;Total;
Îles Salomon;2005;-0.02;Total;
Îles Salomon;2006;0.07;Total;
Îles Salomon;2007;0.23;Total;
Îles Salomon;2008;0.21;Total;
Îles Salomon;2009;0.21;Total;
Îles Salomon;2010;0.34;Total;
Îles Salomon;2011;0.31;Total;
Îles Salomon;2012;0.19;Total;
Îles Salomon;2013;0.3;Total;
Îles Salomon;2014;0.47;Total;
Îles Salomon;2015;0.66;Total;
Îles Salomon;2016;0.51;Total;
Îles Salomon;2017;0.2;Total;
Îles Salomon;2018;0.3;Total;
Somalie;2000;-1.95;Total;
Somalie;2002;-2.38;Total;
Somalie;2003;-2.58;Total;
Somalie;2004;-2.88;Total;
Somalie;2005;-2.71;Total;
Somalie;2006;-2.75;Total;
Somalie;2007;-3.22;Total;
Somalie;2008;-3.28;Total;
Somalie;2009;-3.31;Total;
Somalie;2010;-3.13;Total;
Somalie;2011;-3.08;Total;
Somalie;2012;-2.86;Total;
Somalie;2013;-2.76;Total;
Somalie;2014;-2.52;Total;
Somalie;2015;-2.38;Total;
Somalie;2016;-2.36;Total;
Somalie;2017;-2.26;Total;
Somalie;2018;-2.22;Total;
Afrique du Sud;2000;-0.23;Total;
Afrique du Sud;2002;-0.25;Total;
Afrique du Sud;2003;-0.31;Total;
Afrique du Sud;2004;-0.13;Total;
Afrique du Sud;2005;-0.16;Total;
Afrique du Sud;2006;0.05;Total;
Afrique du Sud;2007;0.22;Total;
Afrique du Sud;2008;0.05;Total;
Afrique du Sud;2009;-0.11;Total;
Afrique du Sud;2010;-0.03;Total;
Afrique du Sud;2011;0.02;Total;
Afrique du Sud;2012;-0.03;Total;
Afrique du Sud;2013;-0.05;Total;
Afrique du Sud;2014;-0.15;Total;
Afrique du Sud;2015;-0.21;Total;
Afrique du Sud;2016;-0.14;Total;
Afrique du Sud;2017;-0.28;Total;
Afrique du Sud;2018;-0.28;Total;
Sud-Soudan;2011;-1.43;Total;
Sud-Soudan;2012;-1.16;Total;
Sud-Soudan;2013;-1.73;Total;
Sud-Soudan;2014;-2.65;Total;
Sud-Soudan;2015;-2.38;Total;
Sud-Soudan;2016;-2.42;Total;
Sud-Soudan;2017;-2.45;Total;
Sud-Soudan;2018;-2.44;Total;
Espagne;2000;0.46;Total;
Espagne;2002;0.44;Total;
Espagne;2003;-0.04;Total;
Espagne;2004;-0.09;Total;
Espagne;2005;0.2;Total;
Espagne;2006;-0.15;Total;
Espagne;2007;-0.28;Total;
Espagne;2008;-0.38;Total;
Espagne;2009;-0.47;Total;
Espagne;2010;-0.32;Total;
Espagne;2011;0.02;Total;
Espagne;2012;-0.03;Total;
Espagne;2013;0.01;Total;
Espagne;2014;0.24;Total;
Espagne;2015;0.25;Total;
Espagne;2016;0.41;Total;
Espagne;2017;0.28;Total;
Espagne;2018;0.25;Total;
Sri Lanka;2000;-1.9;Total;
Sri Lanka;2002;-0.78;Total;
Sri Lanka;2003;-0.83;Total;
Sri Lanka;2004;-1.01;Total;
Sri Lanka;2005;-1.15;Total;
Sri Lanka;2006;-1.42;Total;
Sri Lanka;2007;-1.75;Total;
Sri Lanka;2008;-1.8;Total;
Sri Lanka;2009;-1.34;Total;
Sri Lanka;2010;-0.94;Total;
Sri Lanka;2011;-0.72;Total;
Sri Lanka;2012;-0.72;Total;
Sri Lanka;2013;-0.61;Total;
Sri Lanka;2014;-0.33;Total;
Sri Lanka;2015;0.09;Total;
Sri Lanka;2016;0;Total;
Sri Lanka;2017;-0.07;Total;
Sri Lanka;2018;-0.18;Total;
Soudan;2000;-2.24;Total;
Soudan;2002;-1.84;Total;
Soudan;2003;-1.98;Total;
Soudan;2004;-1.55;Total;
Soudan;2005;-1.98;Total;
Soudan;2006;-2.14;Total;
Soudan;2007;-2.36;Total;
Soudan;2008;-2.49;Total;
Soudan;2009;-2.65;Total;
Soudan;2010;-2.67;Total;
Soudan;2011;-2.52;Total;
Soudan;2012;-2.26;Total;
Soudan;2013;-2.19;Total;
Soudan;2014;-2.36;Total;
Soudan;2015;-2.16;Total;
Soudan;2016;-2.34;Total;
Soudan;2017;-1.98;Total;
Soudan;2018;-1.84;Total;
Suriname;2000;0.21;Total;
Suriname;2002;0.49;Total;
Suriname;2003;0.48;Total;
Suriname;2004;0.3;Total;
Suriname;2005;0.23;Total;
Suriname;2006;-0.02;Total;
Suriname;2007;-0.02;Total;
Suriname;2008;0.1;Total;
Suriname;2009;0.15;Total;
Suriname;2010;0.08;Total;
Suriname;2011;0.12;Total;
Suriname;2012;0.08;Total;
Suriname;2013;0.13;Total;
Suriname;2014;0.25;Total;
Suriname;2015;0.26;Total;
Suriname;2016;0.16;Total;
Suriname;2017;0.13;Total;
Suriname;2018;0.08;Total;
Suède;2000;1.39;Total;
Suède;2002;1.48;Total;
Suède;2003;1.34;Total;
Suède;2004;1.36;Total;
Suède;2005;1.3;Total;
Suède;2006;1.29;Total;
Suède;2007;1.27;Total;
Suède;2008;1.13;Total;
Suède;2009;01.09;Total;
Suède;2010;01.09;Total;
Suède;2011;1.23;Total;
Suède;2012;1.17;Total;
Suède;2013;1.13;Total;
Suède;2014;01.07;Total;
Suède;2015;0.95;Total;
Suède;2016;01.02;Total;
Suède;2017;0.98;Total;
Suède;2018;0.91;Total;
Suisse;2000;1.58;Total;
Suisse;2002;1.54;Total;
Suisse;2003;1.25;Total;
Suisse;2004;1.23;Total;
Suisse;2005;1.2;Total;
Suisse;2006;1.27;Total;
Suisse;2007;1.23;Total;
Suisse;2008;1.22;Total;
Suisse;2009;1.31;Total;
Suisse;2010;1.26;Total;
Suisse;2011;1.3;Total;
Suisse;2012;1.42;Total;
Suisse;2013;1.4;Total;
Suisse;2014;1.4;Total;
Suisse;2015;1.34;Total;
Suisse;2016;1.31;Total;
Suisse;2017;1.26;Total;
Suisse;2018;1.34;Total;
Tadjikistan;2000;-1.65;Total;
Tadjikistan;2002;-0.98;Total;
Tadjikistan;2003;-1.1;Total;
Tadjikistan;2004;-1.31;Total;
Tadjikistan;2005;-1.39;Total;
Tadjikistan;2006;-1.39;Total;
Tadjikistan;2007;-0.75;Total;
Tadjikistan;2008;-0.83;Total;
Tadjikistan;2009;-1.03;Total;
Tadjikistan;2010;-1.03;Total;
Tadjikistan;2011;-1.02;Total;
Tadjikistan;2012;-1.24;Total;
Tadjikistan;2013;-1.18;Total;
Tadjikistan;2014;-0.69;Total;
Tadjikistan;2015;-0.88;Total;
Tadjikistan;2016;-0.78;Total;
Tadjikistan;2017;-0.67;Total;
Tadjikistan;2018;-0.72;Total;
Thaïlande;2000;0.46;Total;
Thaïlande;2002;0.51;Total;
Thaïlande;2003;-0.14;Total;
Thaïlande;2004;-0.72;Total;
Thaïlande;2005;-0.87;Total;
Thaïlande;2006;-1.13;Total;
Thaïlande;2007;-1.11;Total;
Thaïlande;2008;-1.27;Total;
Thaïlande;2009;-1.42;Total;
Thaïlande;2010;-1.44;Total;
Thaïlande;2011;-1.13;Total;
Thaïlande;2012;-1.22;Total;
Thaïlande;2013;-1.31;Total;
Thaïlande;2014;-0.91;Total;
Thaïlande;2015;-0.99;Total;
Thaïlande;2016;-0.99;Total;
Thaïlande;2017;-0.75;Total;
Thaïlande;2018;-0.73;Total;
Timor-Leste;2000;0.44;Total;
Timor-Leste;2002;-0.49;Total;
Timor-Leste;2003;-0.29;Total;
Timor-Leste;2004;-0.16;Total;
Timor-Leste;2005;-0.71;Total;
Timor-Leste;2006;-1.16;Total;
Timor-Leste;2007;-1.1;Total;
Timor-Leste;2008;-0.8;Total;
Timor-Leste;2009;-0.57;Total;
Timor-Leste;2010;-0.47;Total;
Timor-Leste;2011;-0.46;Total;
Timor-Leste;2012;-0.28;Total;
Timor-Leste;2013;-0.38;Total;
Timor-Leste;2014;-0.18;Total;
Timor-Leste;2015;-0.27;Total;
Timor-Leste;2016;-0.01;Total;
Timor-Leste;2017;0.07;Total;
Timor-Leste;2018;0.3;Total;
Togo;2000;-0.29;Total;
Togo;2002;0.05;Total;
Togo;2003;-0.19;Total;
Togo;2004;-0.32;Total;
Togo;2005;-1.45;Total;
Togo;2006;-0.53;Total;
Togo;2007;-0.34;Total;
Togo;2008;-0.17;Total;
Togo;2009;-0.17;Total;
Togo;2010;-0.18;Total;
Togo;2011;-0.16;Total;
Togo;2012;-0.39;Total;
Togo;2013;-0.35;Total;
Togo;2014;-0.17;Total;
Togo;2015;-0.23;Total;
Togo;2016;-0.17;Total;
Togo;2017;-0.88;Total;
Togo;2018;-0.98;Total;
Tonga;2003;0.63;Total;
Tonga;2004;0.82;Total;
Tonga;2005;0.68;Total;
Tonga;2006;0.47;Total;
Tonga;2007;0.28;Total;
Tonga;2008;0.28;Total;
Tonga;2009;0.21;Total;
Tonga;2010;0.69;Total;
Tonga;2011;0.94;Total;
Tonga;2012;0.89;Total;
Tonga;2013;0.94;Total;
Tonga;2014;0.85;Total;
Tonga;2015;0.89;Total;
Tonga;2016;0.92;Total;
Tonga;2017;0.79;Total;
Tonga;2018;0.88;Total;
Trinité-et-Tobago;2000;0.15;Total;
Trinité-et-Tobago;2002;-0.09;Total;
Trinité-et-Tobago;2003;-0.25;Total;
Trinité-et-Tobago;2004;-0.07;Total;
Trinité-et-Tobago;2005;-0.12;Total;
Trinité-et-Tobago;2006;-0.24;Total;
Trinité-et-Tobago;2007;-0.19;Total;
Trinité-et-Tobago;2008;-0.12;Total;
Trinité-et-Tobago;2009;-0.14;Total;
Trinité-et-Tobago;2010;-0.05;Total;
Trinité-et-Tobago;2011;0.14;Total;
Trinité-et-Tobago;2012;0.1;Total;
Trinité-et-Tobago;2013;0.09;Total;
Trinité-et-Tobago;2014;0.25;Total;
Trinité-et-Tobago;2015;0.29;Total;
Trinité-et-Tobago;2016;0.29;Total;
Trinité-et-Tobago;2017;0.28;Total;
Trinité-et-Tobago;2018;0.25;Total;
Tunisie;2000;0.32;Total;
Tunisie;2002;0.15;Total;
Tunisie;2003;0.32;Total;
Tunisie;2004;0.15;Total;
Tunisie;2005;0.02;Total;
Tunisie;2006;0.21;Total;
Tunisie;2007;0.16;Total;
Tunisie;2008;0.1;Total;
Tunisie;2009;0.06;Total;
Tunisie;2010;-0.06;Total;
Tunisie;2011;-0.35;Total;
Tunisie;2012;-0.72;Total;
Tunisie;2013;-0.9;Total;
Tunisie;2014;-0.85;Total;
Tunisie;2015;-0.96;Total;
Tunisie;2016;-1.14;Total;
Tunisie;2017;-1.02;Total;
Tunisie;2018;-0.9;Total;
Turquie;2000;-0.8;Total;
Turquie;2002;-0.81;Total;
Turquie;2003;-0.77;Total;
Turquie;2004;-0.83;Total;
Turquie;2005;-0.6;Total;
Turquie;2006;-0.59;Total;
Turquie;2007;-0.82;Total;
Turquie;2008;-0.82;Total;
Turquie;2009;-1.03;Total;
Turquie;2010;-0.92;Total;
Turquie;2011;-0.96;Total;
Turquie;2012;-1.22;Total;
Turquie;2013;-1.25;Total;
Turquie;2014;-1.09;Total;
Turquie;2015;-1.49;Total;
Turquie;2016;-2.01;Total;
Turquie;2017;-1.79;Total;
Turquie;2018;-1.33;Total;
Turkménistan;2000;0.01;Total;
Turkménistan;2002;0.07;Total;
Turkménistan;2003;0.05;Total;
Turkménistan;2004;-0.12;Total;
Turkménistan;2005;0.07;Total;
Turkménistan;2006;-0.25;Total;
Turkménistan;2007;0.28;Total;
Turkménistan;2008;0.53;Total;
Turkménistan;2009;0.48;Total;
Turkménistan;2010;0.33;Total;
Turkménistan;2011;0.23;Total;
Turkménistan;2012;0.43;Total;
Turkménistan;2013;0.25;Total;
Turkménistan;2014;0.07;Total;
Turkménistan;2015;-0.09;Total;
Turkménistan;2016;-0.19;Total;
Turkménistan;2017;-0.13;Total;
Turkménistan;2018;-0.01;Total;
Tuvalu;2003;1.17;Total;
Tuvalu;2004;1.27;Total;
Tuvalu;2005;1.38;Total;
Tuvalu;2006;1.35;Total;
Tuvalu;2007;1.34;Total;
Tuvalu;2008;1.34;Total;
Tuvalu;2009;1.4;Total;
Tuvalu;2010;1.42;Total;
Tuvalu;2011;1.3;Total;
Tuvalu;2012;1.29;Total;
Tuvalu;2013;1.28;Total;
Tuvalu;2014;1.3;Total;
Tuvalu;2015;1.39;Total;
Tuvalu;2016;1.41;Total;
Tuvalu;2017;1.24;Total;
Tuvalu;2018;1.43;Total;
Ouganda;2000;-1.25;Total;
Ouganda;2002;-1.42;Total;
Ouganda;2003;-1.56;Total;
Ouganda;2004;-1.31;Total;
Ouganda;2005;-1.42;Total;
Ouganda;2006;-1.14;Total;
Ouganda;2007;-0.92;Total;
Ouganda;2008;-0.88;Total;
Ouganda;2009;-0.99;Total;
Ouganda;2010;-1;Total;
Ouganda;2011;-0.98;Total;
Ouganda;2012;-0.87;Total;
Ouganda;2013;-0.84;Total;
Ouganda;2014;-0.94;Total;
Ouganda;2015;-0.8;Total;
Ouganda;2016;-0.72;Total;
Ouganda;2017;-0.57;Total;
Ouganda;2018;-0.69;Total;
Ukraine;2000;-0.41;Total;
Ukraine;2002;-0.3;Total;
Ukraine;2003;-0.36;Total;
Ukraine;2004;-0.47;Total;
Ukraine;2005;-0.29;Total;
Ukraine;2006;-0.04;Total;
Ukraine;2007;0.17;Total;
Ukraine;2008;0.04;Total;
Ukraine;2009;-0.3;Total;
Ukraine;2010;0.01;Total;
Ukraine;2011;-0.07;Total;
Ukraine;2012;-0.09;Total;
Ukraine;2013;-0.78;Total;
Ukraine;2014;-2.02;Total;
Ukraine;2015;-1.96;Total;
Ukraine;2016;-1.86;Total;
Ukraine;2017;-1.87;Total;
Ukraine;2018;-1.83;Total;
Émirats arabes unis;2000;0.98;Total;
Émirats arabes unis;2002;0.93;Total;
Émirats arabes unis;2003;1;Total;
Émirats arabes unis;2004;0.77;Total;
Émirats arabes unis;2005;0.88;Total;
Émirats arabes unis;2006;0.92;Total;
Émirats arabes unis;2007;0.98;Total;
Émirats arabes unis;2008;0.7;Total;
Émirats arabes unis;2009;0.92;Total;
Émirats arabes unis;2010;0.8;Total;
Émirats arabes unis;2011;0.91;Total;
Émirats arabes unis;2012;0.86;Total;
Émirats arabes unis;2013;0.89;Total;
Émirats arabes unis;2014;0.77;Total;
Émirats arabes unis;2015;0.76;Total;
Émirats arabes unis;2016;0.56;Total;
Émirats arabes unis;2017;0.62;Total;
Émirats arabes unis;2018;0.74;Total;
Royaume-Uni de Grande-Bretagne et d'Irlande du Nord;2000;01.04;Total;
Royaume-Uni de Grande-Bretagne et d'Irlande du Nord;2002;0.68;Total;
Royaume-Uni de Grande-Bretagne et d'Irlande du Nord;2003;0.27;Total;
Royaume-Uni de Grande-Bretagne et d'Irlande du Nord;2004;0.14;Total;
Royaume-Uni de Grande-Bretagne et d'Irlande du Nord;2005;0.13;Total;
Royaume-Uni de Grande-Bretagne et d'Irlande du Nord;2006;0.67;Total;
Royaume-Uni de Grande-Bretagne et d'Irlande du Nord;2007;0.58;Total;
Royaume-Uni de Grande-Bretagne et d'Irlande du Nord;2008;0.49;Total;
Royaume-Uni de Grande-Bretagne et d'Irlande du Nord;2009;0.12;Total;
Royaume-Uni de Grande-Bretagne et d'Irlande du Nord;2010;0.41;Total;
Royaume-Uni de Grande-Bretagne et d'Irlande du Nord;2011;0.35;Total;
Royaume-Uni de Grande-Bretagne et d'Irlande du Nord;2012;0.4;Total;
Royaume-Uni de Grande-Bretagne et d'Irlande du Nord;2013;0.49;Total;
Royaume-Uni de Grande-Bretagne et d'Irlande du Nord;2014;0.42;Total;
Royaume-Uni de Grande-Bretagne et d'Irlande du Nord;2015;0.52;Total;
Royaume-Uni de Grande-Bretagne et d'Irlande du Nord;2016;0.36;Total;
Royaume-Uni de Grande-Bretagne et d'Irlande du Nord;2017;0.33;Total;
Royaume-Uni de Grande-Bretagne et d'Irlande du Nord;2018;0.05;Total;
États-Unis d'Amérique;2000;01.08;Total;
États-Unis d'Amérique;2002;0.29;Total;
États-Unis d'Amérique;2003;0.08;Total;
États-Unis d'Amérique;2004;-0.23;Total;
États-Unis d'Amérique;2005;-0.06;Total;
États-Unis d'Amérique;2006;0.49;Total;
États-Unis d'Amérique;2007;0.38;Total;
États-Unis d'Amérique;2008;0.59;Total;
États-Unis d'Amérique;2009;0.45;Total;
États-Unis d'Amérique;2010;0.44;Total;
États-Unis d'Amérique;2011;0.59;Total;
États-Unis d'Amérique;2012;0.63;Total;
États-Unis d'Amérique;2013;0.64;Total;
États-Unis d'Amérique;2014;0.58;Total;
États-Unis d'Amérique;2015;0.68;Total;
États-Unis d'Amérique;2016;0.4;Total;
États-Unis d'Amérique;2017;0.34;Total;
États-Unis d'Amérique;2018;0.48;Total;
Uruguay;2000;0.93;Total;
Uruguay;2002;0.84;Total;
Uruguay;2003;0.71;Total;
Uruguay;2004;0.59;Total;
Uruguay;2005;0.78;Total;
Uruguay;2006;0.9;Total;
Uruguay;2007;0.84;Total;
Uruguay;2008;0.85;Total;
Uruguay;2009;0.79;Total;
Uruguay;2010;0.82;Total;
Uruguay;2011;0.96;Total;
Uruguay;2012;0.71;Total;
Uruguay;2013;0.8;Total;
Uruguay;2014;0.99;Total;
Uruguay;2015;1;Total;
Uruguay;2016;01.06;Total;
Uruguay;2017;01.05;Total;
Uruguay;2018;01.05;Total;
Ouzbékistan;2000;-1.31;Total;
Ouzbékistan;2002;-1.06;Total;
Ouzbékistan;2003;-1.3;Total;
Ouzbékistan;2004;-1.46;Total;
Ouzbékistan;2005;-1.96;Total;
Ouzbékistan;2006;-1.78;Total;
Ouzbékistan;2007;-1.36;Total;
Ouzbékistan;2008;-1.21;Total;
Ouzbékistan;2009;-0.95;Total;
Ouzbékistan;2010;-0.72;Total;
Ouzbékistan;2011;-0.6;Total;
Ouzbékistan;2012;-0.52;Total;
Ouzbékistan;2013;-0.54;Total;
Ouzbékistan;2014;-0.27;Total;
Ouzbékistan;2015;-0.37;Total;
Ouzbékistan;2016;-0.27;Total;
Ouzbékistan;2017;-0.24;Total;
Ouzbékistan;2018;-0.28;Total;
Vanuatu;2000;1.22;Total;
Vanuatu;2002;1.16;Total;
Vanuatu;2003;0.76;Total;
Vanuatu;2004;0.62;Total;
Vanuatu;2005;1.38;Total;
Vanuatu;2006;1.35;Total;
Vanuatu;2007;1.23;Total;
Vanuatu;2008;1.18;Total;
Vanuatu;2009;1.23;Total;
Vanuatu;2010;1.28;Total;
Vanuatu;2011;1.11;Total;
Vanuatu;2012;1.2;Total;
Vanuatu;2013;1.16;Total;
Vanuatu;2014;0.64;Total;
Vanuatu;2015;0.48;Total;
Vanuatu;2016;0.51;Total;
Vanuatu;2017;0.7;Total;
Vanuatu;2018;0.84;Total;
Venezuela (République bolivarienne du);2000;-0.76;Total;
Venezuela (République bolivarienne du);2002;-1.32;Total;
Venezuela (République bolivarienne du);2003;-1.29;Total;
Venezuela (République bolivarienne du);2004;-1.39;Total;
Venezuela (République bolivarienne du);2005;-1.25;Total;
Venezuela (République bolivarienne du);2006;-1.25;Total;
Venezuela (République bolivarienne du);2007;-1.23;Total;
Venezuela (République bolivarienne du);2008;-1.31;Total;
Venezuela (République bolivarienne du);2009;-1.28;Total;
Venezuela (République bolivarienne du);2010;-1.26;Total;
Venezuela (République bolivarienne du);2011;-1.09;Total;
Venezuela (République bolivarienne du);2012;-1.03;Total;
Venezuela (République bolivarienne du);2013;-1.08;Total;
Venezuela (République bolivarienne du);2014;-0.85;Total;
Venezuela (République bolivarienne du);2015;-0.98;Total;
Venezuela (République bolivarienne du);2016;-1.02;Total;
Venezuela (République bolivarienne du);2017;-1.25;Total;
Venezuela (République bolivarienne du);2018;-1.34;Total;
Viet Nam;2000;0.41;Total;
Viet Nam;2002;0.35;Total;
Viet Nam;2003;0.13;Total;
Viet Nam;2004;0.15;Total;
Viet Nam;2005;0.48;Total;
Viet Nam;2006;0.4;Total;
Viet Nam;2007;0.25;Total;
Viet Nam;2008;0.16;Total;
Viet Nam;2009;0.27;Total;
Viet Nam;2010;0.15;Total;
Viet Nam;2011;0.19;Total;
Viet Nam;2012;0.27;Total;
Viet Nam;2013;0.25;Total;
Viet Nam;2014;-0.02;Total;
Viet Nam;2015;0.07;Total;
Viet Nam;2016;0.23;Total;
Viet Nam;2017;0.29;Total;
Viet Nam;2018;0.2;Total;
Yémen;2000;-1.14;Total;
Yémen;2002;-1.31;Total;
Yémen;2003;-1.48;Total;
Yémen;2004;-1.55;Total;
Yémen;2005;-1.44;Total;
Yémen;2006;-1.35;Total;
Yémen;2007;-1.59;Total;
Yémen;2008;-2.01;Total;
Yémen;2009;-2.33;Total;
Yémen;2010;-2.42;Total;
Yémen;2011;-2.43;Total;
Yémen;2012;-2.43;Total;
Yémen;2013;-2.37;Total;
Yémen;2014;-2.67;Total;
Yémen;2015;-2.68;Total;
Yémen;2016;-2.79;Total;
Yémen;2017;-2.94;Total;
Yémen;2018;-3;Total;
Zambie;2000;0.03;Total;
Zambie;2002;-0.28;Total;
Zambie;2003;0.22;Total;
Zambie;2004;0.19;Total;
Zambie;2005;0.11;Total;
Zambie;2006;0.36;Total;
Zambie;2007;0.36;Total;
Zambie;2008;0.47;Total;
Zambie;2009;0.57;Total;
Zambie;2010;0.52;Total;
Zambie;2011;0.51;Total;
Zambie;2012;0.66;Total;
Zambie;2013;0.44;Total;
Zambie;2014;0.16;Total;
Zambie;2015;0.15;Total;
Zambie;2016;0.14;Total;
Zambie;2017;0.15;Total;
Zambie;2018;0.14;Total;
Zimbabwe;2000;-1.32;Total;
Zimbabwe;2002;-1.52;Total;
Zimbabwe;2003;-1.09;Total;
Zimbabwe;2004;-1.21;Total;
Zimbabwe;2005;-1.27;Total;
Zimbabwe;2006;-0.93;Total;
Zimbabwe;2007;-1.11;Total;
Zimbabwe;2008;-1.21;Total;
Zimbabwe;2009;-1.17;Total;
Zimbabwe;2010;-1.1;Total;
Zimbabwe;2011;-0.95;Total;
Zimbabwe;2012;-0.78;Total;
Zimbabwe;2013;-0.67;Total;
Zimbabwe;2014;-0.71;Total;
Zimbabwe;2015;-0.62;Total;
Zimbabwe;2016;-0.62;Total;
Zimbabwe;2017;-0.71;Total;
Zimbabwe;2018;-0.71;Total;